file,class_id,rms_before_db,rms_after_db
0/0_0/0_0_1.wav,0,-24.61,-20.0
0/0_0/0_0_10.wav,0,-24.85,-20.0
0/0_0/0_0_11.wav,0,-25.18,-20.0
0/0_0/0_0_12.wav,0,-24.91,-20.0
0/0_0/0_0_13.wav,0,-33.62,-20.0
0/0_0/0_0_14.wav,0,-32.65,-20.0
0/0_0/0_0_15.wav,0,-31.4,-20.0
0/0_0/0_0_16.wav,0,-30.47,-20.0
0/0_0/0_0_17.wav,0,-30.52,-20.0
0/0_0/0_0_18.wav,0,-31.21,-20.0
0/0_0/0_0_19.wav,0,-28.47,-20.0
0/0_0/0_0_2.wav,0,-24.99,-20.0
0/0_0/0_0_20.wav,0,-27.53,-20.0
0/0_0/0_0_21.wav,0,-28.03,-20.0
0/0_0/0_0_22.wav,0,-27.44,-20.0
0/0_0/0_0_23.wav,0,-27.86,-20.01
0/0_0/0_0_24.wav,0,-27.61,-20.0
0/0_0/0_0_25.wav,0,-25.42,-20.0
0/0_0/0_0_26.wav,0,-26.13,-20.0
0/0_0/0_0_27.wav,0,-23.31,-20.0
0/0_0/0_0_28.wav,0,-22.58,-20.0
0/0_0/0_0_29.wav,0,-25.11,-20.0
0/0_0/0_0_3.wav,0,-24.67,-20.0
0/0_0/0_0_30.wav,0,-24.05,-20.0
0/0_0/0_0_31.wav,0,-22.47,-20.0
0/0_0/0_0_32.wav,0,-22.55,-20.0
0/0_0/0_0_33.wav,0,-21.22,-20.0
0/0_0/0_0_34.wav,0,-20.48,-20.0
0/0_0/0_0_35.wav,0,-19.98,-20.0
0/0_0/0_0_36.wav,0,-20.74,-20.0
0/0_0/0_0_37.wav,0,-22.79,-20.0
0/0_0/0_0_38.wav,0,-24.27,-20.0
0/0_0/0_0_39.wav,0,-24.72,-20.0
0/0_0/0_0_4.wav,0,-24.94,-20.0
0/0_0/0_0_40.wav,0,-25.69,-20.0
0/0_0/0_0_41.wav,0,-26.79,-20.0
0/0_0/0_0_42.wav,0,-25.32,-20.0
0/0_0/0_0_43.wav,0,-25.75,-20.0
0/0_0/0_0_44.wav,0,-22.67,-20.0
0/0_0/0_0_45.wav,0,-23.27,-20.0
0/0_0/0_0_46.wav,0,-23.42,-20.0
0/0_0/0_0_47.wav,0,-23.09,-20.0
0/0_0/0_0_48.wav,0,-23.74,-20.0
0/0_0/0_0_49.wav,0,-24.5,-20.0
0/0_0/0_0_5.wav,0,-24.42,-20.0
0/0_0/0_0_50.wav,0,-23.0,-20.0
0/0_0/0_0_51.wav,0,-23.74,-20.0
0/0_0/0_0_52.wav,0,-23.77,-20.0
0/0_0/0_0_6.wav,0,-24.3,-20.0
0/0_0/0_0_7.wav,0,-24.58,-20.0
0/0_0/0_0_8.wav,0,-24.58,-20.0
0/0_0/0_0_9.wav,0,-25.02,-20.0
0/0_1/0_1_1.wav,0,-28.97,-20.0
0/0_1/0_1_10.wav,0,-19.47,-20.0
0/0_1/0_1_100.wav,0,-29.47,-20.02
0/0_1/0_1_101.wav,0,-29.61,-20.01
0/0_1/0_1_11.wav,0,-19.08,-20.0
0/0_1/0_1_12.wav,0,-18.75,-20.0
0/0_1/0_1_13.wav,0,-18.68,-20.0
0/0_1/0_1_14.wav,0,-18.62,-20.0
0/0_1/0_1_15.wav,0,-18.71,-20.0
0/0_1/0_1_16.wav,0,-19.69,-20.0
0/0_1/0_1_17.wav,0,-20.07,-20.0
0/0_1/0_1_18.wav,0,-21.03,-20.0
0/0_1/0_1_19.wav,0,-23.25,-20.0
0/0_1/0_1_2.wav,0,-28.43,-20.0
0/0_1/0_1_20.wav,0,-23.48,-20.0
0/0_1/0_1_21.wav,0,-25.11,-20.0
0/0_1/0_1_22.wav,0,-26.5,-20.0
0/0_1/0_1_23.wav,0,-25.48,-20.0
0/0_1/0_1_24.wav,0,-23.76,-20.0
0/0_1/0_1_25.wav,0,-23.77,-20.0
0/0_1/0_1_26.wav,0,-25.33,-20.0
0/0_1/0_1_27.wav,0,-28.32,-20.0
0/0_1/0_1_28.wav,0,-30.62,-20.02
0/0_1/0_1_29.wav,0,-25.83,-20.0
0/0_1/0_1_3.wav,0,-28.86,-20.0
0/0_1/0_1_30.wav,0,-32.15,-20.0
0/0_1/0_1_31.wav,0,-27.93,-20.0
0/0_1/0_1_32.wav,0,-27.2,-20.0
0/0_1/0_1_33.wav,0,-26.92,-20.0
0/0_1/0_1_34.wav,0,-29.69,-20.0
0/0_1/0_1_35.wav,0,-29.56,-20.0
0/0_1/0_1_36.wav,0,-27.4,-20.0
0/0_1/0_1_37.wav,0,-27.74,-20.0
0/0_1/0_1_38.wav,0,-27.2,-20.0
0/0_1/0_1_39.wav,0,-26.8,-20.0
0/0_1/0_1_4.wav,0,-26.72,-20.0
0/0_1/0_1_40.wav,0,-25.89,-20.0
0/0_1/0_1_41.wav,0,-27.85,-20.0
0/0_1/0_1_42.wav,0,-26.24,-20.0
0/0_1/0_1_43.wav,0,-22.8,-20.0
0/0_1/0_1_44.wav,0,-24.18,-20.0
0/0_1/0_1_45.wav,0,-24.01,-20.0
0/0_1/0_1_46.wav,0,-24.05,-20.0
0/0_1/0_1_47.wav,0,-25.37,-20.0
0/0_1/0_1_48.wav,0,-26.98,-20.0
0/0_1/0_1_49.wav,0,-27.3,-20.0
0/0_1/0_1_5.wav,0,-24.36,-20.0
0/0_1/0_1_50.wav,0,-26.94,-20.0
0/0_1/0_1_51.wav,0,-28.22,-20.0
0/0_1/0_1_52.wav,0,-29.21,-20.0
0/0_1/0_1_53.wav,0,-30.42,-20.0
0/0_1/0_1_54.wav,0,-29.56,-20.0
0/0_1/0_1_55.wav,0,-30.38,-20.0
0/0_1/0_1_56.wav,0,-33.1,-20.0
0/0_1/0_1_57.wav,0,-27.23,-20.0
0/0_1/0_1_58.wav,0,-26.9,-20.0
0/0_1/0_1_59.wav,0,-27.07,-20.0
0/0_1/0_1_6.wav,0,-23.81,-20.0
0/0_1/0_1_60.wav,0,-26.99,-20.0
0/0_1/0_1_61.wav,0,-26.25,-20.0
0/0_1/0_1_62.wav,0,-28.36,-20.0
0/0_1/0_1_63.wav,0,-28.89,-20.0
0/0_1/0_1_64.wav,0,-28.87,-20.0
0/0_1/0_1_65.wav,0,-28.43,-20.0
0/0_1/0_1_66.wav,0,-29.43,-20.0
0/0_1/0_1_67.wav,0,-29.39,-20.01
0/0_1/0_1_68.wav,0,-29.48,-20.0
0/0_1/0_1_69.wav,0,-28.5,-20.0
0/0_1/0_1_7.wav,0,-23.37,-20.0
0/0_1/0_1_70.wav,0,-27.98,-20.0
0/0_1/0_1_71.wav,0,-27.92,-20.0
0/0_1/0_1_72.wav,0,-26.28,-20.0
0/0_1/0_1_73.wav,0,-26.57,-20.0
0/0_1/0_1_74.wav,0,-26.31,-20.0
0/0_1/0_1_75.wav,0,-25.39,-20.0
0/0_1/0_1_76.wav,0,-23.96,-20.0
0/0_1/0_1_77.wav,0,-24.69,-20.0
0/0_1/0_1_78.wav,0,-23.67,-20.0
0/0_1/0_1_79.wav,0,-22.22,-20.0
0/0_1/0_1_8.wav,0,-21.53,-20.0
0/0_1/0_1_80.wav,0,-20.5,-20.0
0/0_1/0_1_81.wav,0,-19.05,-20.0
0/0_1/0_1_82.wav,0,-16.49,-20.0
0/0_1/0_1_83.wav,0,-17.61,-20.0
0/0_1/0_1_84.wav,0,-15.44,-20.0
0/0_1/0_1_85.wav,0,-15.73,-20.0
0/0_1/0_1_86.wav,0,-17.44,-20.0
0/0_1/0_1_87.wav,0,-18.72,-20.0
0/0_1/0_1_88.wav,0,-18.87,-20.0
0/0_1/0_1_89.wav,0,-19.86,-20.0
0/0_1/0_1_9.wav,0,-20.0,-20.0
0/0_1/0_1_90.wav,0,-19.73,-20.0
0/0_1/0_1_91.wav,0,-20.1,-20.0
0/0_1/0_1_92.wav,0,-23.25,-20.0
0/0_1/0_1_93.wav,0,-26.47,-20.0
0/0_1/0_1_94.wav,0,-26.64,-20.0
0/0_1/0_1_95.wav,0,-27.96,-20.0
0/0_1/0_1_96.wav,0,-28.38,-20.0
0/0_1/0_1_97.wav,0,-29.72,-20.0
0/0_1/0_1_98.wav,0,-30.12,-20.01
0/0_1/0_1_99.wav,0,-29.56,-20.0
0/0_2/0_2_1.wav,0,-25.21,-20.0
0/0_2/0_2_10.wav,0,-36.73,-20.0
0/0_2/0_2_100.wav,0,-39.47,-20.0
0/0_2/0_2_101.wav,0,-41.02,-20.0
0/0_2/0_2_102.wav,0,-42.18,-20.0
0/0_2/0_2_103.wav,0,-44.85,-20.0
0/0_2/0_2_104.wav,0,-46.4,-20.0
0/0_2/0_2_105.wav,0,-47.79,-20.0
0/0_2/0_2_106.wav,0,-47.23,-20.0
0/0_2/0_2_107.wav,0,-46.13,-20.0
0/0_2/0_2_108.wav,0,-47.8,-20.0
0/0_2/0_2_109.wav,0,-51.24,-20.0
0/0_2/0_2_11.wav,0,-36.44,-20.0
0/0_2/0_2_110.wav,0,-52.98,-20.01
0/0_2/0_2_111.wav,0,-54.19,-20.0
0/0_2/0_2_112.wav,0,-54.42,-20.0
0/0_2/0_2_113.wav,0,-54.57,-20.0
0/0_2/0_2_114.wav,0,-18.7,-20.0
0/0_2/0_2_115.wav,0,-18.4,-20.0
0/0_2/0_2_116.wav,0,-17.53,-20.0
0/0_2/0_2_117.wav,0,-18.26,-20.0
0/0_2/0_2_118.wav,0,-19.13,-20.0
0/0_2/0_2_119.wav,0,-17.36,-20.0
0/0_2/0_2_12.wav,0,-36.34,-20.0
0/0_2/0_2_120.wav,0,-17.2,-20.0
0/0_2/0_2_121.wav,0,-16.4,-20.0
0/0_2/0_2_122.wav,0,-15.43,-20.0
0/0_2/0_2_123.wav,0,-16.03,-20.0
0/0_2/0_2_124.wav,0,-17.4,-20.0
0/0_2/0_2_125.wav,0,-15.41,-20.0
0/0_2/0_2_126.wav,0,-15.66,-20.0
0/0_2/0_2_127.wav,0,-15.47,-20.0
0/0_2/0_2_128.wav,0,-14.86,-20.0
0/0_2/0_2_129.wav,0,-16.09,-20.0
0/0_2/0_2_13.wav,0,-36.44,-20.0
0/0_2/0_2_130.wav,0,-17.4,-20.0
0/0_2/0_2_131.wav,0,-18.33,-20.0
0/0_2/0_2_132.wav,0,-17.74,-20.0
0/0_2/0_2_133.wav,0,-16.63,-20.0
0/0_2/0_2_134.wav,0,-14.51,-20.0
0/0_2/0_2_135.wav,0,-15.13,-20.0
0/0_2/0_2_136.wav,0,-16.79,-20.0
0/0_2/0_2_137.wav,0,-17.4,-20.0
0/0_2/0_2_138.wav,0,-18.01,-20.0
0/0_2/0_2_139.wav,0,-17.9,-20.0
0/0_2/0_2_14.wav,0,-34.4,-20.0
0/0_2/0_2_140.wav,0,-17.73,-20.0
0/0_2/0_2_141.wav,0,-17.79,-20.0
0/0_2/0_2_142.wav,0,-19.18,-20.0
0/0_2/0_2_143.wav,0,-19.52,-20.0
0/0_2/0_2_144.wav,0,-19.21,-20.0
0/0_2/0_2_15.wav,0,-33.91,-20.0
0/0_2/0_2_16.wav,0,-34.37,-20.0
0/0_2/0_2_17.wav,0,-33.21,-20.0
0/0_2/0_2_18.wav,0,-32.69,-20.0
0/0_2/0_2_19.wav,0,-31.12,-20.0
0/0_2/0_2_2.wav,0,-24.73,-20.0
0/0_2/0_2_20.wav,0,-31.31,-20.0
0/0_2/0_2_21.wav,0,-30.9,-20.0
0/0_2/0_2_22.wav,0,-29.21,-20.0
0/0_2/0_2_23.wav,0,-28.07,-20.0
0/0_2/0_2_24.wav,0,-28.43,-20.0
0/0_2/0_2_25.wav,0,-26.6,-20.0
0/0_2/0_2_26.wav,0,-24.99,-20.0
0/0_2/0_2_27.wav,0,-26.38,-20.0
0/0_2/0_2_28.wav,0,-25.52,-20.0
0/0_2/0_2_29.wav,0,-25.43,-20.0
0/0_2/0_2_3.wav,0,-40.99,-20.0
0/0_2/0_2_30.wav,0,-24.59,-20.0
0/0_2/0_2_31.wav,0,-25.0,-20.0
0/0_2/0_2_32.wav,0,-25.67,-20.0
0/0_2/0_2_33.wav,0,-23.81,-20.0
0/0_2/0_2_34.wav,0,-23.56,-20.0
0/0_2/0_2_35.wav,0,-24.25,-20.0
0/0_2/0_2_36.wav,0,-23.94,-20.0
0/0_2/0_2_37.wav,0,-23.41,-20.0
0/0_2/0_2_38.wav,0,-23.81,-20.0
0/0_2/0_2_39.wav,0,-23.88,-20.0
0/0_2/0_2_4.wav,0,-39.62,-20.0
0/0_2/0_2_40.wav,0,-23.86,-20.0
0/0_2/0_2_41.wav,0,-24.38,-20.0
0/0_2/0_2_42.wav,0,-24.4,-20.0
0/0_2/0_2_43.wav,0,-24.84,-20.0
0/0_2/0_2_44.wav,0,-25.34,-20.0
0/0_2/0_2_45.wav,0,-25.93,-20.0
0/0_2/0_2_46.wav,0,-26.92,-20.0
0/0_2/0_2_47.wav,0,-27.68,-20.0
0/0_2/0_2_48.wav,0,-28.02,-20.0
0/0_2/0_2_49.wav,0,-28.64,-20.0
0/0_2/0_2_5.wav,0,-38.95,-20.0
0/0_2/0_2_50.wav,0,-28.99,-20.0
0/0_2/0_2_51.wav,0,-29.82,-20.0
0/0_2/0_2_52.wav,0,-29.79,-20.0
0/0_2/0_2_53.wav,0,-30.92,-20.0
0/0_2/0_2_54.wav,0,-32.03,-20.0
0/0_2/0_2_55.wav,0,-32.36,-20.0
0/0_2/0_2_56.wav,0,-33.51,-20.0
0/0_2/0_2_57.wav,0,-37.96,-20.0
0/0_2/0_2_58.wav,0,-39.2,-20.0
0/0_2/0_2_59.wav,0,-40.09,-20.0
0/0_2/0_2_6.wav,0,-39.34,-20.0
0/0_2/0_2_60.wav,0,-41.18,-20.0
0/0_2/0_2_61.wav,0,-38.44,-20.0
0/0_2/0_2_62.wav,0,-39.71,-20.0
0/0_2/0_2_63.wav,0,-40.62,-20.0
0/0_2/0_2_64.wav,0,-40.46,-20.0
0/0_2/0_2_65.wav,0,-28.39,-20.0
0/0_2/0_2_66.wav,0,-28.94,-20.05
0/0_2/0_2_67.wav,0,-28.71,-20.03
0/0_2/0_2_68.wav,0,-28.7,-20.0
0/0_2/0_2_69.wav,0,-27.39,-20.0
0/0_2/0_2_7.wav,0,-38.51,-20.0
0/0_2/0_2_70.wav,0,-27.33,-20.0
0/0_2/0_2_71.wav,0,-26.7,-20.0
0/0_2/0_2_72.wav,0,-26.17,-20.0
0/0_2/0_2_73.wav,0,-26.82,-20.01
0/0_2/0_2_74.wav,0,-25.63,-20.0
0/0_2/0_2_75.wav,0,-26.57,-20.0
0/0_2/0_2_76.wav,0,-26.68,-20.0
0/0_2/0_2_77.wav,0,-25.27,-20.0
0/0_2/0_2_78.wav,0,-25.0,-20.0
0/0_2/0_2_79.wav,0,-24.04,-20.0
0/0_2/0_2_8.wav,0,-38.4,-20.0
0/0_2/0_2_80.wav,0,-24.24,-20.0
0/0_2/0_2_81.wav,0,-53.22,-20.0
0/0_2/0_2_82.wav,0,-52.54,-20.04
0/0_2/0_2_83.wav,0,-52.31,-20.0
0/0_2/0_2_84.wav,0,-51.37,-20.0
0/0_2/0_2_85.wav,0,-51.08,-20.0
0/0_2/0_2_86.wav,0,-50.09,-20.0
0/0_2/0_2_87.wav,0,-49.39,-20.0
0/0_2/0_2_88.wav,0,-48.68,-20.0
0/0_2/0_2_89.wav,0,-47.58,-20.0
0/0_2/0_2_9.wav,0,-37.57,-20.0
0/0_2/0_2_90.wav,0,-46.13,-20.0
0/0_2/0_2_91.wav,0,-44.31,-20.0
0/0_2/0_2_92.wav,0,-41.72,-20.0
0/0_2/0_2_93.wav,0,-39.4,-20.0
0/0_2/0_2_94.wav,0,-34.92,-20.0
0/0_2/0_2_95.wav,0,-27.62,-20.0
0/0_2/0_2_96.wav,0,-20.87,-20.0
0/0_2/0_2_97.wav,0,-25.4,-20.0
0/0_2/0_2_98.wav,0,-31.22,-20.0
0/0_2/0_2_99.wav,0,-36.13,-20.0
0/0_3/0_3_1.wav,0,-32.71,-20.0
0/0_3/0_3_10.wav,0,-12.57,-20.0
0/0_3/0_3_11.wav,0,-13.46,-20.0
0/0_3/0_3_12.wav,0,-15.23,-20.0
0/0_3/0_3_13.wav,0,-16.6,-20.0
0/0_3/0_3_14.wav,0,-17.96,-20.0
0/0_3/0_3_15.wav,0,-18.55,-20.0
0/0_3/0_3_16.wav,0,-19.73,-20.0
0/0_3/0_3_17.wav,0,-22.08,-20.0
0/0_3/0_3_18.wav,0,-23.49,-20.0
0/0_3/0_3_19.wav,0,-24.14,-20.0
0/0_3/0_3_2.wav,0,-33.17,-20.0
0/0_3/0_3_20.wav,0,-24.24,-20.0
0/0_3/0_3_21.wav,0,-23.79,-20.0
0/0_3/0_3_22.wav,0,-23.99,-20.0
0/0_3/0_3_23.wav,0,-24.75,-20.0
0/0_3/0_3_24.wav,0,-26.54,-20.0
0/0_3/0_3_25.wav,0,-27.63,-20.0
0/0_3/0_3_26.wav,0,-28.13,-20.0
0/0_3/0_3_27.wav,0,-30.54,-20.0
0/0_3/0_3_28.wav,0,-32.11,-20.0
0/0_3/0_3_29.wav,0,-34.45,-20.0
0/0_3/0_3_3.wav,0,-33.16,-20.01
0/0_3/0_3_30.wav,0,-37.11,-20.0
0/0_3/0_3_31.wav,0,-39.69,-20.12
0/0_3/0_3_32.wav,0,-41.57,-20.0
0/0_3/0_3_4.wav,0,-32.55,-20.0
0/0_3/0_3_5.wav,0,-29.92,-20.0
0/0_3/0_3_6.wav,0,-26.01,-20.0
0/0_3/0_3_7.wav,0,-22.24,-20.0
0/0_3/0_3_8.wav,0,-15.94,-20.0
0/0_3/0_3_9.wav,0,-13.94,-20.0
0/0_4/0_4_1.wav,0,-52.87,-20.27
0/0_4/0_4_10.wav,0,-42.19,-20.0
0/0_4/0_4_11.wav,0,-39.82,-20.0
0/0_4/0_4_12.wav,0,-42.26,-20.0
0/0_4/0_4_13.wav,0,-43.58,-20.0
0/0_4/0_4_14.wav,0,-43.37,-20.0
0/0_4/0_4_15.wav,0,-42.84,-20.0
0/0_4/0_4_16.wav,0,-46.85,-20.0
0/0_4/0_4_17.wav,0,-47.59,-20.0
0/0_4/0_4_18.wav,0,-47.74,-20.0
0/0_4/0_4_19.wav,0,-47.8,-20.0
0/0_4/0_4_2.wav,0,-52.99,-20.09
0/0_4/0_4_20.wav,0,-49.04,-20.0
0/0_4/0_4_21.wav,0,-50.76,-20.0
0/0_4/0_4_22.wav,0,-52.07,-20.0
0/0_4/0_4_23.wav,0,-50.84,-20.02
0/0_4/0_4_24.wav,0,-48.73,-20.55
0/0_4/0_4_25.wav,0,-49.13,-20.01
0/0_4/0_4_26.wav,0,-49.59,-20.0
0/0_4/0_4_27.wav,0,-50.9,-20.0
0/0_4/0_4_28.wav,0,-54.04,-20.0
0/0_4/0_4_29.wav,0,-42.94,-20.0
0/0_4/0_4_3.wav,0,-52.08,-20.0
0/0_4/0_4_30.wav,0,-42.01,-20.0
0/0_4/0_4_31.wav,0,-42.8,-20.03
0/0_4/0_4_32.wav,0,-43.9,-20.0
0/0_4/0_4_33.wav,0,-43.47,-20.0
0/0_4/0_4_34.wav,0,-38.85,-20.0
0/0_4/0_4_35.wav,0,-33.47,-20.0
0/0_4/0_4_36.wav,0,-36.22,-20.0
0/0_4/0_4_37.wav,0,-38.56,-20.0
0/0_4/0_4_38.wav,0,-40.26,-20.09
0/0_4/0_4_39.wav,0,-42.54,-20.0
0/0_4/0_4_4.wav,0,-50.0,-20.0
0/0_4/0_4_40.wav,0,-43.77,-20.28
0/0_4/0_4_5.wav,0,-47.84,-20.91
0/0_4/0_4_6.wav,0,-48.71,-20.0
0/0_4/0_4_7.wav,0,-45.17,-20.0
0/0_4/0_4_8.wav,0,-43.44,-20.0
0/0_4/0_4_9.wav,0,-43.45,-20.0
1/1_0/1_0_1.wav,1,-50.82,-20.06
1/1_0/1_0_10.wav,1,-42.0,-20.0
1/1_0/1_0_100.wav,1,-29.93,-20.0
1/1_0/1_0_101.wav,1,-29.97,-20.0
1/1_0/1_0_102.wav,1,-29.58,-20.0
1/1_0/1_0_103.wav,1,-29.09,-20.0
1/1_0/1_0_104.wav,1,-28.84,-20.0
1/1_0/1_0_105.wav,1,-28.28,-20.0
1/1_0/1_0_106.wav,1,-28.47,-20.0
1/1_0/1_0_107.wav,1,-28.2,-20.0
1/1_0/1_0_108.wav,1,-27.32,-20.0
1/1_0/1_0_109.wav,1,-27.08,-20.0
1/1_0/1_0_11.wav,1,-40.26,-20.0
1/1_0/1_0_110.wav,1,-27.28,-20.01
1/1_0/1_0_111.wav,1,-27.01,-20.0
1/1_0/1_0_112.wav,1,-26.47,-20.0
1/1_0/1_0_113.wav,1,-25.99,-20.0
1/1_0/1_0_114.wav,1,-38.32,-20.0
1/1_0/1_0_115.wav,1,-38.74,-20.0
1/1_0/1_0_116.wav,1,-39.58,-20.0
1/1_0/1_0_117.wav,1,-39.27,-20.0
1/1_0/1_0_118.wav,1,-36.92,-20.0
1/1_0/1_0_119.wav,1,-33.13,-20.0
1/1_0/1_0_12.wav,1,-42.03,-20.0
1/1_0/1_0_120.wav,1,-32.63,-20.0
1/1_0/1_0_121.wav,1,-33.35,-20.0
1/1_0/1_0_122.wav,1,-32.13,-20.0
1/1_0/1_0_123.wav,1,-28.5,-20.0
1/1_0/1_0_124.wav,1,-24.82,-20.0
1/1_0/1_0_125.wav,1,-24.15,-20.0
1/1_0/1_0_126.wav,1,-23.96,-20.0
1/1_0/1_0_127.wav,1,-22.08,-20.0
1/1_0/1_0_128.wav,1,-21.37,-20.0
1/1_0/1_0_129.wav,1,-22.08,-20.0
1/1_0/1_0_13.wav,1,-36.83,-20.03
1/1_0/1_0_130.wav,1,-26.88,-20.0
1/1_0/1_0_131.wav,1,-28.16,-20.0
1/1_0/1_0_132.wav,1,-28.46,-20.0
1/1_0/1_0_133.wav,1,-28.33,-20.0
1/1_0/1_0_134.wav,1,-30.41,-20.0
1/1_0/1_0_135.wav,1,-32.83,-20.0
1/1_0/1_0_136.wav,1,-28.48,-20.0
1/1_0/1_0_137.wav,1,-26.64,-20.0
1/1_0/1_0_138.wav,1,-21.0,-20.0
1/1_0/1_0_139.wav,1,-19.26,-20.0
1/1_0/1_0_14.wav,1,-38.33,-20.0
1/1_0/1_0_140.wav,1,-20.86,-20.0
1/1_0/1_0_141.wav,1,-19.47,-20.0
1/1_0/1_0_142.wav,1,-15.16,-20.0
1/1_0/1_0_143.wav,1,-15.69,-20.0
1/1_0/1_0_144.wav,1,-13.72,-20.0
1/1_0/1_0_145.wav,1,-13.61,-20.0
1/1_0/1_0_146.wav,1,-13.93,-20.0
1/1_0/1_0_147.wav,1,-12.82,-20.0
1/1_0/1_0_148.wav,1,-13.52,-20.0
1/1_0/1_0_149.wav,1,-14.04,-20.0
1/1_0/1_0_15.wav,1,-38.33,-20.0
1/1_0/1_0_150.wav,1,-15.44,-20.0
1/1_0/1_0_151.wav,1,-18.42,-20.0
1/1_0/1_0_152.wav,1,-21.98,-20.0
1/1_0/1_0_153.wav,1,-23.19,-20.0
1/1_0/1_0_154.wav,1,-28.86,-20.0
1/1_0/1_0_155.wav,1,-28.21,-20.0
1/1_0/1_0_156.wav,1,-25.15,-20.0
1/1_0/1_0_157.wav,1,-24.33,-20.0
1/1_0/1_0_158.wav,1,-24.96,-20.0
1/1_0/1_0_159.wav,1,-26.35,-20.0
1/1_0/1_0_16.wav,1,-40.57,-20.0
1/1_0/1_0_160.wav,1,-26.6,-20.0
1/1_0/1_0_161.wav,1,-24.46,-20.0
1/1_0/1_0_162.wav,1,-30.78,-20.0
1/1_0/1_0_163.wav,1,-24.04,-20.0
1/1_0/1_0_164.wav,1,-24.96,-20.0
1/1_0/1_0_165.wav,1,-23.56,-20.0
1/1_0/1_0_166.wav,1,-21.73,-20.0
1/1_0/1_0_167.wav,1,-21.81,-20.0
1/1_0/1_0_168.wav,1,-20.48,-20.0
1/1_0/1_0_169.wav,1,-20.33,-20.0
1/1_0/1_0_17.wav,1,-40.41,-20.0
1/1_0/1_0_170.wav,1,-19.32,-20.0
1/1_0/1_0_171.wav,1,-18.8,-20.0
1/1_0/1_0_172.wav,1,-20.22,-20.0
1/1_0/1_0_173.wav,1,-19.84,-20.0
1/1_0/1_0_174.wav,1,-22.36,-20.0
1/1_0/1_0_175.wav,1,-25.29,-20.0
1/1_0/1_0_176.wav,1,-24.96,-20.0
1/1_0/1_0_177.wav,1,-21.35,-20.0
1/1_0/1_0_178.wav,1,-31.51,-20.0
1/1_0/1_0_179.wav,1,-30.91,-20.0
1/1_0/1_0_18.wav,1,-41.48,-20.0
1/1_0/1_0_180.wav,1,-30.34,-20.0
1/1_0/1_0_181.wav,1,-30.02,-20.0
1/1_0/1_0_182.wav,1,-27.94,-20.0
1/1_0/1_0_183.wav,1,-26.92,-20.0
1/1_0/1_0_184.wav,1,-25.55,-20.0
1/1_0/1_0_185.wav,1,-25.13,-20.0
1/1_0/1_0_186.wav,1,-23.65,-20.0
1/1_0/1_0_187.wav,1,-20.79,-20.0
1/1_0/1_0_188.wav,1,-21.87,-20.0
1/1_0/1_0_189.wav,1,-22.37,-20.0
1/1_0/1_0_19.wav,1,-42.86,-20.01
1/1_0/1_0_190.wav,1,-16.56,-20.0
1/1_0/1_0_191.wav,1,-16.12,-20.0
1/1_0/1_0_192.wav,1,-18.68,-20.0
1/1_0/1_0_193.wav,1,-20.28,-20.0
1/1_0/1_0_194.wav,1,-23.73,-20.0
1/1_0/1_0_195.wav,1,-27.63,-20.0
1/1_0/1_0_196.wav,1,-30.01,-20.02
1/1_0/1_0_2.wav,1,-45.24,-20.0
1/1_0/1_0_20.wav,1,-34.6,-20.0
1/1_0/1_0_21.wav,1,-28.1,-20.0
1/1_0/1_0_22.wav,1,-34.74,-20.0
1/1_0/1_0_23.wav,1,-39.52,-20.02
1/1_0/1_0_24.wav,1,-42.74,-20.0
1/1_0/1_0_25.wav,1,-44.87,-20.15
1/1_0/1_0_26.wav,1,-44.19,-20.22
1/1_0/1_0_27.wav,1,-42.9,-20.85
1/1_0/1_0_28.wav,1,-41.51,-20.59
1/1_0/1_0_29.wav,1,-40.19,-21.91
1/1_0/1_0_3.wav,1,-42.93,-20.02
1/1_0/1_0_30.wav,1,-39.93,-21.41
1/1_0/1_0_31.wav,1,-41.22,-20.02
1/1_0/1_0_32.wav,1,-40.93,-20.02
1/1_0/1_0_33.wav,1,-38.19,-21.03
1/1_0/1_0_34.wav,1,-38.91,-21.32
1/1_0/1_0_35.wav,1,-44.85,-20.35
1/1_0/1_0_36.wav,1,-44.0,-21.22
1/1_0/1_0_37.wav,1,-44.38,-21.63
1/1_0/1_0_38.wav,1,-45.67,-21.05
1/1_0/1_0_39.wav,1,-47.09,-21.15
1/1_0/1_0_4.wav,1,-42.16,-20.0
1/1_0/1_0_40.wav,1,-43.07,-22.64
1/1_0/1_0_41.wav,1,-43.34,-22.8
1/1_0/1_0_42.wav,1,-43.02,-20.04
1/1_0/1_0_43.wav,1,-41.81,-20.25
1/1_0/1_0_44.wav,1,-44.04,-20.35
1/1_0/1_0_45.wav,1,-42.54,-20.03
1/1_0/1_0_46.wav,1,-41.84,-20.01
1/1_0/1_0_47.wav,1,-40.71,-20.03
1/1_0/1_0_48.wav,1,-39.99,-20.22
1/1_0/1_0_49.wav,1,-38.72,-20.93
1/1_0/1_0_5.wav,1,-43.6,-20.0
1/1_0/1_0_50.wav,1,-42.22,-20.65
1/1_0/1_0_51.wav,1,-41.92,-20.58
1/1_0/1_0_52.wav,1,-42.59,-20.78
1/1_0/1_0_53.wav,1,-41.23,-21.41
1/1_0/1_0_54.wav,1,-43.19,-20.82
1/1_0/1_0_55.wav,1,-45.95,-20.03
1/1_0/1_0_56.wav,1,-47.53,-20.37
1/1_0/1_0_57.wav,1,-42.3,-20.51
1/1_0/1_0_58.wav,1,-32.1,-20.0
1/1_0/1_0_59.wav,1,-31.74,-20.0
1/1_0/1_0_6.wav,1,-46.4,-20.03
1/1_0/1_0_60.wav,1,-32.77,-20.0
1/1_0/1_0_61.wav,1,-33.12,-20.0
1/1_0/1_0_62.wav,1,-32.57,-20.0
1/1_0/1_0_63.wav,1,-31.45,-20.0
1/1_0/1_0_64.wav,1,-32.11,-20.0
1/1_0/1_0_65.wav,1,-32.08,-20.0
1/1_0/1_0_66.wav,1,-32.78,-20.0
1/1_0/1_0_67.wav,1,-33.03,-20.01
1/1_0/1_0_68.wav,1,-33.2,-20.01
1/1_0/1_0_69.wav,1,-33.42,-20.07
1/1_0/1_0_7.wav,1,-46.91,-20.0
1/1_0/1_0_70.wav,1,-29.5,-20.0
1/1_0/1_0_71.wav,1,-29.18,-20.0
1/1_0/1_0_72.wav,1,-28.05,-20.0
1/1_0/1_0_73.wav,1,-27.19,-20.04
1/1_0/1_0_74.wav,1,-26.91,-20.0
1/1_0/1_0_75.wav,1,-25.59,-20.0
1/1_0/1_0_76.wav,1,-24.53,-20.0
1/1_0/1_0_77.wav,1,-26.0,-20.0
1/1_0/1_0_78.wav,1,-25.43,-20.0
1/1_0/1_0_79.wav,1,-25.26,-20.0
1/1_0/1_0_8.wav,1,-46.55,-20.0
1/1_0/1_0_80.wav,1,-25.85,-20.0
1/1_0/1_0_81.wav,1,-25.78,-20.0
1/1_0/1_0_82.wav,1,-26.39,-20.0
1/1_0/1_0_83.wav,1,-27.38,-20.01
1/1_0/1_0_84.wav,1,-27.17,-20.0
1/1_0/1_0_85.wav,1,-25.73,-20.05
1/1_0/1_0_86.wav,1,-24.76,-20.0
1/1_0/1_0_87.wav,1,-26.48,-20.0
1/1_0/1_0_88.wav,1,-27.86,-20.0
1/1_0/1_0_89.wav,1,-27.79,-20.08
1/1_0/1_0_9.wav,1,-41.24,-20.0
1/1_0/1_0_90.wav,1,-34.8,-20.0
1/1_0/1_0_91.wav,1,-34.92,-20.0
1/1_0/1_0_92.wav,1,-34.52,-20.02
1/1_0/1_0_93.wav,1,-34.56,-20.0
1/1_0/1_0_94.wav,1,-34.11,-20.0
1/1_0/1_0_95.wav,1,-33.9,-20.0
1/1_0/1_0_96.wav,1,-33.77,-20.0
1/1_0/1_0_97.wav,1,-31.67,-20.0
1/1_0/1_0_98.wav,1,-30.44,-20.0
1/1_0/1_0_99.wav,1,-31.17,-20.0
1/1_1/1_1_1.wav,1,-42.04,-20.0
1/1_1/1_1_10.wav,1,-37.63,-20.0
1/1_1/1_1_11.wav,1,-40.14,-20.0
1/1_1/1_1_12.wav,1,-42.43,-20.0
1/1_1/1_1_13.wav,1,-43.64,-20.0
1/1_1/1_1_14.wav,1,-45.92,-20.0
1/1_1/1_1_15.wav,1,-48.15,-20.0
1/1_1/1_1_16.wav,1,-50.51,-20.03
1/1_1/1_1_17.wav,1,-52.84,-20.05
1/1_1/1_1_18.wav,1,-54.66,-20.12
1/1_1/1_1_19.wav,1,-45.22,-20.0
1/1_1/1_1_2.wav,1,-42.0,-20.0
1/1_1/1_1_20.wav,1,-41.63,-20.01
1/1_1/1_1_21.wav,1,-42.08,-20.34
1/1_1/1_1_22.wav,1,-42.52,-20.0
1/1_1/1_1_23.wav,1,-40.44,-20.05
1/1_1/1_1_24.wav,1,-38.6,-20.0
1/1_1/1_1_25.wav,1,-38.53,-20.0
1/1_1/1_1_26.wav,1,-44.72,-20.0
1/1_1/1_1_3.wav,1,-42.46,-20.0
1/1_1/1_1_4.wav,1,-41.53,-20.0
1/1_1/1_1_5.wav,1,-41.54,-20.14
1/1_1/1_1_6.wav,1,-42.54,-20.0
1/1_1/1_1_7.wav,1,-42.74,-20.0
1/1_1/1_1_8.wav,1,-41.72,-20.0
1/1_1/1_1_9.wav,1,-39.61,-20.0
1/1_2/1_2_1.wav,1,-49.4,-25.43
1/1_2/1_2_10.wav,1,-33.72,-20.0
1/1_2/1_2_11.wav,1,-33.36,-20.02
1/1_2/1_2_12.wav,1,-32.95,-20.0
1/1_2/1_2_13.wav,1,-32.07,-20.0
1/1_2/1_2_14.wav,1,-32.56,-20.0
1/1_2/1_2_15.wav,1,-33.41,-20.0
1/1_2/1_2_16.wav,1,-33.6,-20.0
1/1_2/1_2_17.wav,1,-34.22,-20.0
1/1_2/1_2_18.wav,1,-33.78,-20.0
1/1_2/1_2_19.wav,1,-35.39,-20.0
1/1_2/1_2_2.wav,1,-45.95,-23.23
1/1_2/1_2_20.wav,1,-34.05,-20.43
1/1_2/1_2_21.wav,1,-33.04,-20.0
1/1_2/1_2_22.wav,1,-32.72,-20.01
1/1_2/1_2_23.wav,1,-33.22,-20.0
1/1_2/1_2_24.wav,1,-32.55,-20.04
1/1_2/1_2_25.wav,1,-31.83,-20.12
1/1_2/1_2_26.wav,1,-31.93,-20.14
1/1_2/1_2_27.wav,1,-33.16,-20.0
1/1_2/1_2_28.wav,1,-30.76,-20.02
1/1_2/1_2_29.wav,1,-31.64,-20.03
1/1_2/1_2_3.wav,1,-46.04,-24.35
1/1_2/1_2_30.wav,1,-32.29,-20.03
1/1_2/1_2_31.wav,1,-30.56,-20.03
1/1_2/1_2_32.wav,1,-28.88,-20.15
1/1_2/1_2_33.wav,1,-28.12,-20.0
1/1_2/1_2_34.wav,1,-27.46,-20.0
1/1_2/1_2_35.wav,1,-27.27,-20.01
1/1_2/1_2_36.wav,1,-26.91,-20.02
1/1_2/1_2_37.wav,1,-27.84,-20.01
1/1_2/1_2_38.wav,1,-24.97,-20.0
1/1_2/1_2_39.wav,1,-24.84,-20.0
1/1_2/1_2_4.wav,1,-41.98,-26.68
1/1_2/1_2_40.wav,1,-24.05,-20.0
1/1_2/1_2_41.wav,1,-23.22,-20.0
1/1_2/1_2_42.wav,1,-23.66,-20.0
1/1_2/1_2_43.wav,1,-26.56,-20.01
1/1_2/1_2_44.wav,1,-28.08,-20.0
1/1_2/1_2_45.wav,1,-28.52,-20.0
1/1_2/1_2_46.wav,1,-29.32,-20.01
1/1_2/1_2_47.wav,1,-27.99,-20.0
1/1_2/1_2_48.wav,1,-27.71,-20.01
1/1_2/1_2_49.wav,1,-27.88,-20.0
1/1_2/1_2_5.wav,1,-40.56,-27.04
1/1_2/1_2_50.wav,1,-28.62,-20.0
1/1_2/1_2_51.wav,1,-28.79,-20.0
1/1_2/1_2_52.wav,1,-27.85,-20.08
1/1_2/1_2_53.wav,1,-29.84,-20.0
1/1_2/1_2_54.wav,1,-30.45,-20.0
1/1_2/1_2_55.wav,1,-30.61,-20.01
1/1_2/1_2_56.wav,1,-33.56,-20.11
1/1_2/1_2_57.wav,1,-33.22,-20.07
1/1_2/1_2_58.wav,1,-30.25,-20.0
1/1_2/1_2_59.wav,1,-30.54,-20.0
1/1_2/1_2_6.wav,1,-50.81,-21.73
1/1_2/1_2_60.wav,1,-31.05,-20.01
1/1_2/1_2_61.wav,1,-30.98,-20.01
1/1_2/1_2_62.wav,1,-30.06,-20.02
1/1_2/1_2_63.wav,1,-30.11,-20.01
1/1_2/1_2_64.wav,1,-31.62,-20.01
1/1_2/1_2_65.wav,1,-31.86,-20.13
1/1_2/1_2_66.wav,1,-30.38,-20.01
1/1_2/1_2_67.wav,1,-31.88,-20.0
1/1_2/1_2_68.wav,1,-29.88,-20.0
1/1_2/1_2_69.wav,1,-29.93,-20.0
1/1_2/1_2_7.wav,1,-51.3,-22.79
1/1_2/1_2_70.wav,1,-30.91,-20.0
1/1_2/1_2_71.wav,1,-28.07,-20.0
1/1_2/1_2_72.wav,1,-27.58,-20.02
1/1_2/1_2_73.wav,1,-25.53,-20.01
1/1_2/1_2_74.wav,1,-25.79,-20.01
1/1_2/1_2_75.wav,1,-26.02,-20.0
1/1_2/1_2_76.wav,1,-25.0,-20.0
1/1_2/1_2_77.wav,1,-25.41,-20.0
1/1_2/1_2_78.wav,1,-23.05,-20.0
1/1_2/1_2_79.wav,1,-24.74,-20.0
1/1_2/1_2_8.wav,1,-50.2,-24.29
1/1_2/1_2_9.wav,1,-34.09,-20.0
2/2_0/2_0_1.wav,2,-54.35,-20.01
2/2_0/2_0_10.wav,2,-49.72,-20.0
2/2_0/2_0_100.wav,2,-50.42,-20.0
2/2_0/2_0_101.wav,2,-50.74,-20.0
2/2_0/2_0_102.wav,2,-50.52,-20.0
2/2_0/2_0_103.wav,2,-36.28,-20.0
2/2_0/2_0_104.wav,2,-36.88,-20.0
2/2_0/2_0_105.wav,2,-36.54,-20.0
2/2_0/2_0_106.wav,2,-36.62,-20.0
2/2_0/2_0_107.wav,2,-34.94,-20.0
2/2_0/2_0_108.wav,2,-34.75,-20.0
2/2_0/2_0_109.wav,2,-34.58,-20.0
2/2_0/2_0_11.wav,2,-49.34,-20.0
2/2_0/2_0_110.wav,2,-34.23,-20.0
2/2_0/2_0_111.wav,2,-35.05,-20.0
2/2_0/2_0_112.wav,2,-34.41,-20.0
2/2_0/2_0_113.wav,2,-34.83,-20.0
2/2_0/2_0_114.wav,2,-35.08,-20.0
2/2_0/2_0_115.wav,2,-35.12,-20.0
2/2_0/2_0_116.wav,2,-35.0,-20.0
2/2_0/2_0_117.wav,2,-35.08,-20.0
2/2_0/2_0_118.wav,2,-31.56,-20.0
2/2_0/2_0_119.wav,2,-31.07,-20.0
2/2_0/2_0_12.wav,2,-48.39,-20.0
2/2_0/2_0_120.wav,2,-29.49,-20.0
2/2_0/2_0_121.wav,2,-29.77,-20.0
2/2_0/2_0_122.wav,2,-34.22,-20.0
2/2_0/2_0_123.wav,2,-40.15,-20.0
2/2_0/2_0_124.wav,2,-37.25,-20.0
2/2_0/2_0_125.wav,2,-39.63,-20.0
2/2_0/2_0_126.wav,2,-41.51,-20.0
2/2_0/2_0_127.wav,2,-41.48,-20.0
2/2_0/2_0_128.wav,2,-48.19,-20.0
2/2_0/2_0_129.wav,2,-54.59,-20.0
2/2_0/2_0_13.wav,2,-30.59,-20.0
2/2_0/2_0_130.wav,2,-58.4,-20.0
2/2_0/2_0_131.wav,2,-58.75,-20.03
2/2_0/2_0_132.wav,2,-59.97,-20.01
2/2_0/2_0_133.wav,2,-48.45,-20.0
2/2_0/2_0_134.wav,2,-52.61,-20.0
2/2_0/2_0_135.wav,2,-46.56,-20.0
2/2_0/2_0_136.wav,2,-47.85,-20.0
2/2_0/2_0_137.wav,2,-48.54,-20.0
2/2_0/2_0_138.wav,2,-48.54,-20.0
2/2_0/2_0_139.wav,2,-45.78,-20.02
2/2_0/2_0_14.wav,2,-22.84,-20.0
2/2_0/2_0_140.wav,2,-46.68,-20.0
2/2_0/2_0_141.wav,2,-45.43,-20.0
2/2_0/2_0_142.wav,2,-45.08,-20.0
2/2_0/2_0_143.wav,2,-44.87,-20.0
2/2_0/2_0_144.wav,2,-43.73,-20.0
2/2_0/2_0_145.wav,2,-43.22,-20.0
2/2_0/2_0_146.wav,2,-42.75,-20.0
2/2_0/2_0_147.wav,2,-43.27,-20.0
2/2_0/2_0_148.wav,2,-52.95,-20.0
2/2_0/2_0_149.wav,2,-41.16,-20.0
2/2_0/2_0_15.wav,2,-21.83,-20.01
2/2_0/2_0_150.wav,2,-35.44,-20.0
2/2_0/2_0_151.wav,2,-34.44,-20.0
2/2_0/2_0_152.wav,2,-46.89,-20.0
2/2_0/2_0_153.wav,2,-45.61,-20.0
2/2_0/2_0_154.wav,2,-45.73,-20.0
2/2_0/2_0_155.wav,2,-45.92,-20.0
2/2_0/2_0_156.wav,2,-46.82,-20.0
2/2_0/2_0_157.wav,2,-45.67,-20.0
2/2_0/2_0_158.wav,2,-46.42,-20.0
2/2_0/2_0_159.wav,2,-46.92,-20.0
2/2_0/2_0_16.wav,2,-33.51,-20.0
2/2_0/2_0_160.wav,2,-32.6,-20.0
2/2_0/2_0_161.wav,2,-33.03,-20.0
2/2_0/2_0_162.wav,2,-33.31,-20.0
2/2_0/2_0_163.wav,2,-32.07,-20.0
2/2_0/2_0_164.wav,2,-33.31,-20.0
2/2_0/2_0_165.wav,2,-37.03,-20.0
2/2_0/2_0_166.wav,2,-38.02,-20.0
2/2_0/2_0_167.wav,2,-37.31,-20.0
2/2_0/2_0_168.wav,2,-36.83,-20.0
2/2_0/2_0_169.wav,2,-46.37,-20.0
2/2_0/2_0_17.wav,2,-42.6,-20.0
2/2_0/2_0_170.wav,2,-50.97,-20.0
2/2_0/2_0_171.wav,2,-58.31,-20.0
2/2_0/2_0_173.wav,2,-54.62,-20.0
2/2_0/2_0_176.wav,2,-56.95,-20.0
2/2_0/2_0_177.wav,2,-54.2,-20.0
2/2_0/2_0_178.wav,2,-55.67,-20.0
2/2_0/2_0_179.wav,2,-59.29,-20.0
2/2_0/2_0_18.wav,2,-42.14,-20.0
2/2_0/2_0_180.wav,2,-59.98,-20.11
2/2_0/2_0_181.wav,2,-50.22,-20.0
2/2_0/2_0_182.wav,2,-41.02,-20.0
2/2_0/2_0_183.wav,2,-48.01,-20.0
2/2_0/2_0_184.wav,2,-51.83,-20.0
2/2_0/2_0_185.wav,2,-42.74,-20.0
2/2_0/2_0_186.wav,2,-45.29,-20.0
2/2_0/2_0_187.wav,2,-50.01,-20.0
2/2_0/2_0_188.wav,2,-55.65,-20.0
2/2_0/2_0_189.wav,2,-49.01,-20.0
2/2_0/2_0_19.wav,2,-24.04,-20.0
2/2_0/2_0_190.wav,2,-47.06,-20.0
2/2_0/2_0_191.wav,2,-45.21,-20.0
2/2_0/2_0_192.wav,2,-42.15,-20.0
2/2_0/2_0_193.wav,2,-40.79,-20.0
2/2_0/2_0_194.wav,2,-41.41,-20.0
2/2_0/2_0_195.wav,2,-40.85,-20.0
2/2_0/2_0_196.wav,2,-39.8,-20.0
2/2_0/2_0_197.wav,2,-40.39,-20.0
2/2_0/2_0_198.wav,2,-39.53,-20.0
2/2_0/2_0_199.wav,2,-39.84,-20.0
2/2_0/2_0_2.wav,2,-53.16,-20.0
2/2_0/2_0_20.wav,2,-28.74,-20.0
2/2_0/2_0_200.wav,2,-39.64,-20.0
2/2_0/2_0_201.wav,2,-39.97,-20.0
2/2_0/2_0_202.wav,2,-40.53,-20.0
2/2_0/2_0_203.wav,2,-41.15,-20.0
2/2_0/2_0_204.wav,2,-41.24,-20.0
2/2_0/2_0_205.wav,2,-40.95,-20.0
2/2_0/2_0_206.wav,2,-41.35,-20.0
2/2_0/2_0_207.wav,2,-41.66,-20.0
2/2_0/2_0_208.wav,2,-41.94,-20.0
2/2_0/2_0_209.wav,2,-41.69,-20.0
2/2_0/2_0_21.wav,2,-31.75,-20.0
2/2_0/2_0_210.wav,2,-41.94,-20.0
2/2_0/2_0_211.wav,2,-41.83,-20.0
2/2_0/2_0_212.wav,2,-41.78,-20.0
2/2_0/2_0_213.wav,2,-42.25,-20.0
2/2_0/2_0_214.wav,2,-56.8,-20.0
2/2_0/2_0_215.wav,2,-56.36,-20.02
2/2_0/2_0_216.wav,2,-56.84,-20.01
2/2_0/2_0_217.wav,2,-57.56,-20.0
2/2_0/2_0_218.wav,2,-58.28,-20.0
2/2_0/2_0_219.wav,2,-58.1,-20.0
2/2_0/2_0_22.wav,2,-28.32,-20.0
2/2_0/2_0_220.wav,2,-57.91,-20.0
2/2_0/2_0_221.wav,2,-57.79,-20.02
2/2_0/2_0_222.wav,2,-57.55,-20.0
2/2_0/2_0_223.wav,2,-57.84,-20.0
2/2_0/2_0_224.wav,2,-57.78,-20.0
2/2_0/2_0_225.wav,2,-57.57,-20.0
2/2_0/2_0_226.wav,2,-54.82,-20.0
2/2_0/2_0_227.wav,2,-53.85,-20.01
2/2_0/2_0_228.wav,2,-35.97,-20.13
2/2_0/2_0_229.wav,2,-32.64,-20.0
2/2_0/2_0_23.wav,2,-26.25,-20.0
2/2_0/2_0_230.wav,2,-42.96,-20.0
2/2_0/2_0_231.wav,2,-38.77,-20.0
2/2_0/2_0_232.wav,2,-43.06,-20.0
2/2_0/2_0_233.wav,2,-44.31,-20.0
2/2_0/2_0_234.wav,2,-45.42,-20.0
2/2_0/2_0_235.wav,2,-42.68,-20.0
2/2_0/2_0_236.wav,2,-40.48,-20.0
2/2_0/2_0_237.wav,2,-40.47,-20.0
2/2_0/2_0_238.wav,2,-40.8,-20.0
2/2_0/2_0_239.wav,2,-41.43,-20.0
2/2_0/2_0_24.wav,2,-24.77,-20.0
2/2_0/2_0_240.wav,2,-41.19,-20.0
2/2_0/2_0_241.wav,2,-47.06,-20.97
2/2_0/2_0_242.wav,2,-48.02,-20.09
2/2_0/2_0_243.wav,2,-46.93,-20.28
2/2_0/2_0_244.wav,2,-47.39,-20.61
2/2_0/2_0_245.wav,2,-39.5,-24.54
2/2_0/2_0_246.wav,2,-39.83,-22.08
2/2_0/2_0_247.wav,2,-42.14,-20.17
2/2_0/2_0_248.wav,2,-38.24,-21.42
2/2_0/2_0_249.wav,2,-38.61,-20.14
2/2_0/2_0_25.wav,2,-24.7,-20.0
2/2_0/2_0_250.wav,2,-39.17,-20.63
2/2_0/2_0_251.wav,2,-43.52,-20.6
2/2_0/2_0_252.wav,2,-37.85,-20.0
2/2_0/2_0_253.wav,2,-43.07,-20.02
2/2_0/2_0_254.wav,2,-30.73,-20.04
2/2_0/2_0_255.wav,2,-31.59,-20.02
2/2_0/2_0_256.wav,2,-31.99,-20.0
2/2_0/2_0_257.wav,2,-37.23,-20.1
2/2_0/2_0_258.wav,2,-38.47,-20.0
2/2_0/2_0_259.wav,2,-41.65,-20.71
2/2_0/2_0_26.wav,2,-24.53,-20.0
2/2_0/2_0_260.wav,2,-47.48,-20.13
2/2_0/2_0_261.wav,2,-38.27,-20.03
2/2_0/2_0_262.wav,2,-38.41,-20.28
2/2_0/2_0_263.wav,2,-40.83,-20.01
2/2_0/2_0_264.wav,2,-39.7,-20.01
2/2_0/2_0_265.wav,2,-40.63,-20.26
2/2_0/2_0_266.wav,2,-40.31,-20.0
2/2_0/2_0_267.wav,2,-39.73,-20.29
2/2_0/2_0_268.wav,2,-37.98,-21.19
2/2_0/2_0_269.wav,2,-39.29,-20.04
2/2_0/2_0_27.wav,2,-24.06,-20.0
2/2_0/2_0_270.wav,2,-39.76,-20.01
2/2_0/2_0_271.wav,2,-39.38,-20.0
2/2_0/2_0_272.wav,2,-39.39,-20.01
2/2_0/2_0_273.wav,2,-38.36,-20.44
2/2_0/2_0_274.wav,2,-38.48,-20.36
2/2_0/2_0_275.wav,2,-38.97,-20.51
2/2_0/2_0_276.wav,2,-38.75,-20.82
2/2_0/2_0_277.wav,2,-39.73,-20.1
2/2_0/2_0_278.wav,2,-39.88,-20.01
2/2_0/2_0_279.wav,2,-39.72,-20.3
2/2_0/2_0_28.wav,2,-23.74,-20.0
2/2_0/2_0_280.wav,2,-39.93,-20.03
2/2_0/2_0_281.wav,2,-39.79,-20.05
2/2_0/2_0_282.wav,2,-38.87,-20.84
2/2_0/2_0_283.wav,2,-40.56,-20.33
2/2_0/2_0_284.wav,2,-44.03,-20.67
2/2_0/2_0_285.wav,2,-43.24,-20.07
2/2_0/2_0_286.wav,2,-43.46,-20.56
2/2_0/2_0_287.wav,2,-44.63,-20.06
2/2_0/2_0_288.wav,2,-42.7,-20.19
2/2_0/2_0_289.wav,2,-42.23,-20.77
2/2_0/2_0_29.wav,2,-24.25,-20.0
2/2_0/2_0_290.wav,2,-43.5,-20.47
2/2_0/2_0_291.wav,2,-45.18,-20.48
2/2_0/2_0_292.wav,2,-46.26,-20.08
2/2_0/2_0_293.wav,2,-44.01,-21.39
2/2_0/2_0_294.wav,2,-48.05,-20.25
2/2_0/2_0_295.wav,2,-44.46,-23.9
2/2_0/2_0_296.wav,2,-41.97,-22.92
2/2_0/2_0_297.wav,2,-52.88,-20.5
2/2_0/2_0_298.wav,2,-42.95,-20.48
2/2_0/2_0_299.wav,2,-47.67,-20.75
2/2_0/2_0_3.wav,2,-51.93,-20.0
2/2_0/2_0_30.wav,2,-24.0,-20.0
2/2_0/2_0_300.wav,2,-45.24,-20.85
2/2_0/2_0_301.wav,2,-46.82,-21.73
2/2_0/2_0_302.wav,2,-42.9,-24.62
2/2_0/2_0_303.wav,2,-48.66,-21.08
2/2_0/2_0_304.wav,2,-48.59,-21.04
2/2_0/2_0_305.wav,2,-48.02,-21.47
2/2_0/2_0_306.wav,2,-42.67,-24.7
2/2_0/2_0_307.wav,2,-48.01,-20.82
2/2_0/2_0_308.wav,2,-39.7,-20.12
2/2_0/2_0_309.wav,2,-37.52,-20.32
2/2_0/2_0_31.wav,2,-22.59,-20.0
2/2_0/2_0_310.wav,2,-36.38,-20.37
2/2_0/2_0_311.wav,2,-34.59,-20.01
2/2_0/2_0_312.wav,2,-36.08,-20.35
2/2_0/2_0_313.wav,2,-29.65,-20.0
2/2_0/2_0_314.wav,2,-40.02,-20.41
2/2_0/2_0_315.wav,2,-43.64,-20.13
2/2_0/2_0_316.wav,2,-44.94,-21.19
2/2_0/2_0_317.wav,2,-40.93,-24.33
2/2_0/2_0_318.wav,2,-43.99,-21.35
2/2_0/2_0_319.wav,2,-46.06,-20.2
2/2_0/2_0_32.wav,2,-22.48,-20.0
2/2_0/2_0_320.wav,2,-46.09,-20.18
2/2_0/2_0_321.wav,2,-43.03,-21.19
2/2_0/2_0_322.wav,2,-42.76,-20.75
2/2_0/2_0_323.wav,2,-39.64,-20.13
2/2_0/2_0_324.wav,2,-38.26,-20.0
2/2_0/2_0_325.wav,2,-40.21,-20.23
2/2_0/2_0_326.wav,2,-44.23,-20.43
2/2_0/2_0_327.wav,2,-45.36,-20.68
2/2_0/2_0_328.wav,2,-43.3,-21.09
2/2_0/2_0_329.wav,2,-41.62,-20.52
2/2_0/2_0_33.wav,2,-23.27,-20.0
2/2_0/2_0_330.wav,2,-41.25,-20.7
2/2_0/2_0_331.wav,2,-41.36,-21.23
2/2_0/2_0_332.wav,2,-44.61,-20.34
2/2_0/2_0_333.wav,2,-44.88,-20.23
2/2_0/2_0_334.wav,2,-36.07,-20.0
2/2_0/2_0_335.wav,2,-41.45,-20.01
2/2_0/2_0_336.wav,2,-43.5,-20.07
2/2_0/2_0_337.wav,2,-41.88,-20.11
2/2_0/2_0_338.wav,2,-43.78,-20.01
2/2_0/2_0_339.wav,2,-44.06,-20.15
2/2_0/2_0_34.wav,2,-23.39,-20.0
2/2_0/2_0_340.wav,2,-41.29,-21.76
2/2_0/2_0_341.wav,2,-43.23,-20.07
2/2_0/2_0_342.wav,2,-41.01,-21.18
2/2_0/2_0_343.wav,2,-41.74,-20.08
2/2_0/2_0_344.wav,2,-39.56,-22.65
2/2_0/2_0_345.wav,2,-44.69,-20.11
2/2_0/2_0_346.wav,2,-43.83,-22.02
2/2_0/2_0_347.wav,2,-39.0,-20.07
2/2_0/2_0_348.wav,2,-37.68,-20.42
2/2_0/2_0_349.wav,2,-39.35,-20.71
2/2_0/2_0_35.wav,2,-23.88,-20.0
2/2_0/2_0_350.wav,2,-41.12,-20.01
2/2_0/2_0_351.wav,2,-39.88,-20.09
2/2_0/2_0_352.wav,2,-38.9,-21.09
2/2_0/2_0_353.wav,2,-41.1,-20.34
2/2_0/2_0_354.wav,2,-39.52,-20.31
2/2_0/2_0_355.wav,2,-38.54,-20.13
2/2_0/2_0_356.wav,2,-36.49,-21.01
2/2_0/2_0_357.wav,2,-37.76,-20.09
2/2_0/2_0_358.wav,2,-37.51,-20.05
2/2_0/2_0_359.wav,2,-38.64,-21.19
2/2_0/2_0_36.wav,2,-23.83,-20.0
2/2_0/2_0_360.wav,2,-37.9,-20.22
2/2_0/2_0_361.wav,2,-35.55,-20.03
2/2_0/2_0_362.wav,2,-35.37,-20.07
2/2_0/2_0_363.wav,2,-35.02,-20.06
2/2_0/2_0_364.wav,2,-31.76,-20.07
2/2_0/2_0_365.wav,2,-34.0,-20.0
2/2_0/2_0_366.wav,2,-36.54,-20.0
2/2_0/2_0_367.wav,2,-38.88,-20.11
2/2_0/2_0_368.wav,2,-36.34,-20.01
2/2_0/2_0_369.wav,2,-36.71,-20.02
2/2_0/2_0_37.wav,2,-23.93,-20.0
2/2_0/2_0_370.wav,2,-35.12,-20.04
2/2_0/2_0_371.wav,2,-32.1,-20.0
2/2_0/2_0_372.wav,2,-32.01,-20.0
2/2_0/2_0_373.wav,2,-29.53,-20.03
2/2_0/2_0_374.wav,2,-32.52,-20.0
2/2_0/2_0_375.wav,2,-32.85,-20.0
2/2_0/2_0_376.wav,2,-45.47,-20.19
2/2_0/2_0_377.wav,2,-43.36,-22.23
2/2_0/2_0_378.wav,2,-43.7,-21.05
2/2_0/2_0_379.wav,2,-40.94,-22.7
2/2_0/2_0_38.wav,2,-24.09,-20.0
2/2_0/2_0_380.wav,2,-43.3,-22.33
2/2_0/2_0_381.wav,2,-44.28,-21.77
2/2_0/2_0_382.wav,2,-44.88,-20.55
2/2_0/2_0_383.wav,2,-47.81,-20.11
2/2_0/2_0_384.wav,2,-49.01,-22.26
2/2_0/2_0_385.wav,2,-50.26,-21.3
2/2_0/2_0_386.wav,2,-25.27,-20.0
2/2_0/2_0_387.wav,2,-26.72,-20.01
2/2_0/2_0_388.wav,2,-28.22,-20.0
2/2_0/2_0_389.wav,2,-28.8,-20.01
2/2_0/2_0_39.wav,2,-23.99,-20.0
2/2_0/2_0_390.wav,2,-29.47,-20.03
2/2_0/2_0_391.wav,2,-34.8,-20.19
2/2_0/2_0_392.wav,2,-36.76,-20.06
2/2_0/2_0_393.wav,2,-38.64,-20.0
2/2_0/2_0_394.wav,2,-40.54,-20.46
2/2_0/2_0_395.wav,2,-42.13,-20.07
2/2_0/2_0_396.wav,2,-40.07,-20.06
2/2_0/2_0_397.wav,2,-37.2,-20.0
2/2_0/2_0_398.wav,2,-33.43,-20.11
2/2_0/2_0_399.wav,2,-31.07,-20.0
2/2_0/2_0_4.wav,2,-50.56,-20.0
2/2_0/2_0_40.wav,2,-24.33,-20.0
2/2_0/2_0_400.wav,2,-29.51,-20.01
2/2_0/2_0_401.wav,2,-33.27,-20.02
2/2_0/2_0_402.wav,2,-31.48,-20.03
2/2_0/2_0_403.wav,2,-26.86,-20.01
2/2_0/2_0_404.wav,2,-25.81,-20.0
2/2_0/2_0_405.wav,2,-26.97,-20.0
2/2_0/2_0_406.wav,2,-26.11,-20.0
2/2_0/2_0_407.wav,2,-25.67,-20.0
2/2_0/2_0_408.wav,2,-25.87,-20.0
2/2_0/2_0_409.wav,2,-25.37,-20.0
2/2_0/2_0_41.wav,2,-23.9,-20.0
2/2_0/2_0_410.wav,2,-27.14,-20.0
2/2_0/2_0_411.wav,2,-25.02,-20.02
2/2_0/2_0_412.wav,2,-27.14,-20.03
2/2_0/2_0_413.wav,2,-28.02,-20.0
2/2_0/2_0_414.wav,2,-26.59,-20.0
2/2_0/2_0_415.wav,2,-26.49,-20.0
2/2_0/2_0_416.wav,2,-26.46,-20.0
2/2_0/2_0_417.wav,2,-25.15,-20.0
2/2_0/2_0_418.wav,2,-24.19,-20.0
2/2_0/2_0_419.wav,2,-22.97,-20.0
2/2_0/2_0_42.wav,2,-23.89,-20.0
2/2_0/2_0_420.wav,2,-22.5,-20.0
2/2_0/2_0_421.wav,2,-21.06,-20.0
2/2_0/2_0_422.wav,2,-19.59,-20.0
2/2_0/2_0_423.wav,2,-19.49,-20.0
2/2_0/2_0_424.wav,2,-20.08,-20.0
2/2_0/2_0_425.wav,2,-21.43,-20.0
2/2_0/2_0_426.wav,2,-22.5,-20.0
2/2_0/2_0_427.wav,2,-23.39,-20.0
2/2_0/2_0_428.wav,2,-25.51,-20.0
2/2_0/2_0_429.wav,2,-26.75,-20.0
2/2_0/2_0_43.wav,2,-23.87,-20.0
2/2_0/2_0_430.wav,2,-28.53,-20.0
2/2_0/2_0_431.wav,2,-28.0,-20.0
2/2_0/2_0_432.wav,2,-22.4,-20.0
2/2_0/2_0_433.wav,2,-26.85,-20.0
2/2_0/2_0_434.wav,2,-28.88,-20.0
2/2_0/2_0_435.wav,2,-29.67,-20.0
2/2_0/2_0_436.wav,2,-30.65,-20.0
2/2_0/2_0_437.wav,2,-31.91,-20.0
2/2_0/2_0_438.wav,2,-33.69,-20.0
2/2_0/2_0_439.wav,2,-26.73,-20.0
2/2_0/2_0_44.wav,2,-24.07,-20.0
2/2_0/2_0_440.wav,2,-26.55,-20.0
2/2_0/2_0_441.wav,2,-26.35,-20.0
2/2_0/2_0_442.wav,2,-26.44,-20.0
2/2_0/2_0_443.wav,2,-26.6,-20.0
2/2_0/2_0_444.wav,2,-26.68,-20.0
2/2_0/2_0_445.wav,2,-27.54,-20.0
2/2_0/2_0_446.wav,2,-27.89,-20.0
2/2_0/2_0_447.wav,2,-28.99,-20.0
2/2_0/2_0_448.wav,2,-29.34,-20.0
2/2_0/2_0_449.wav,2,-29.5,-20.0
2/2_0/2_0_45.wav,2,-24.13,-20.0
2/2_0/2_0_450.wav,2,-29.92,-20.0
2/2_0/2_0_451.wav,2,-30.49,-20.0
2/2_0/2_0_452.wav,2,-29.69,-20.0
2/2_0/2_0_453.wav,2,-29.84,-20.0
2/2_0/2_0_454.wav,2,-30.18,-20.0
2/2_0/2_0_455.wav,2,-30.13,-20.0
2/2_0/2_0_456.wav,2,-30.62,-20.0
2/2_0/2_0_457.wav,2,-32.03,-20.0
2/2_0/2_0_458.wav,2,-32.18,-20.03
2/2_0/2_0_459.wav,2,-32.2,-20.0
2/2_0/2_0_46.wav,2,-23.81,-20.0
2/2_0/2_0_460.wav,2,-31.69,-20.17
2/2_0/2_0_461.wav,2,-32.28,-20.0
2/2_0/2_0_462.wav,2,-32.24,-20.0
2/2_0/2_0_463.wav,2,-31.34,-20.0
2/2_0/2_0_464.wav,2,-31.46,-20.0
2/2_0/2_0_465.wav,2,-30.38,-20.0
2/2_0/2_0_466.wav,2,-30.51,-20.0
2/2_0/2_0_467.wav,2,-30.15,-20.0
2/2_0/2_0_468.wav,2,-28.99,-20.0
2/2_0/2_0_469.wav,2,-27.07,-20.0
2/2_0/2_0_47.wav,2,-23.58,-20.0
2/2_0/2_0_470.wav,2,-27.23,-20.0
2/2_0/2_0_471.wav,2,-27.07,-20.0
2/2_0/2_0_472.wav,2,-26.28,-20.0
2/2_0/2_0_473.wav,2,-25.85,-20.0
2/2_0/2_0_474.wav,2,-25.72,-20.0
2/2_0/2_0_475.wav,2,-25.72,-20.0
2/2_0/2_0_476.wav,2,-25.6,-20.0
2/2_0/2_0_477.wav,2,-25.91,-20.0
2/2_0/2_0_478.wav,2,-26.04,-20.0
2/2_0/2_0_479.wav,2,-26.92,-20.0
2/2_0/2_0_48.wav,2,-23.64,-20.0
2/2_0/2_0_480.wav,2,-27.58,-20.0
2/2_0/2_0_481.wav,2,-27.18,-20.0
2/2_0/2_0_482.wav,2,-28.12,-20.0
2/2_0/2_0_483.wav,2,-29.16,-20.0
2/2_0/2_0_484.wav,2,-29.13,-20.0
2/2_0/2_0_485.wav,2,-29.05,-20.0
2/2_0/2_0_486.wav,2,-28.36,-20.0
2/2_0/2_0_487.wav,2,-40.65,-20.0
2/2_0/2_0_488.wav,2,-39.35,-20.0
2/2_0/2_0_489.wav,2,-39.85,-20.0
2/2_0/2_0_49.wav,2,-23.6,-20.0
2/2_0/2_0_490.wav,2,-38.93,-20.0
2/2_0/2_0_491.wav,2,-40.89,-20.0
2/2_0/2_0_492.wav,2,-40.37,-20.0
2/2_0/2_0_493.wav,2,-39.42,-20.0
2/2_0/2_0_494.wav,2,-36.87,-20.0
2/2_0/2_0_495.wav,2,-36.36,-20.0
2/2_0/2_0_496.wav,2,-35.68,-20.0
2/2_0/2_0_497.wav,2,-33.6,-20.03
2/2_0/2_0_498.wav,2,-34.56,-20.0
2/2_0/2_0_499.wav,2,-36.31,-20.0
2/2_0/2_0_5.wav,2,-47.54,-20.0
2/2_0/2_0_50.wav,2,-23.68,-20.0
2/2_0/2_0_500.wav,2,-36.09,-20.0
2/2_0/2_0_501.wav,2,-33.01,-20.02
2/2_0/2_0_502.wav,2,-32.89,-20.0
2/2_0/2_0_503.wav,2,-31.89,-20.01
2/2_0/2_0_504.wav,2,-32.91,-20.0
2/2_0/2_0_505.wav,2,-31.52,-20.0
2/2_0/2_0_506.wav,2,-29.75,-20.0
2/2_0/2_0_507.wav,2,-28.85,-20.0
2/2_0/2_0_508.wav,2,-27.58,-20.0
2/2_0/2_0_509.wav,2,-28.47,-20.0
2/2_0/2_0_51.wav,2,-23.9,-20.0
2/2_0/2_0_510.wav,2,-27.67,-20.0
2/2_0/2_0_511.wav,2,-28.25,-20.0
2/2_0/2_0_512.wav,2,-28.67,-20.0
2/2_0/2_0_513.wav,2,-27.48,-20.0
2/2_0/2_0_514.wav,2,-26.04,-20.0
2/2_0/2_0_515.wav,2,-24.41,-20.0
2/2_0/2_0_516.wav,2,-21.16,-20.0
2/2_0/2_0_517.wav,2,-21.98,-20.0
2/2_0/2_0_518.wav,2,-22.39,-20.0
2/2_0/2_0_519.wav,2,-23.56,-20.0
2/2_0/2_0_52.wav,2,-23.7,-20.0
2/2_0/2_0_520.wav,2,-23.31,-20.0
2/2_0/2_0_521.wav,2,-21.18,-20.0
2/2_0/2_0_522.wav,2,-22.62,-20.0
2/2_0/2_0_523.wav,2,-23.65,-20.0
2/2_0/2_0_524.wav,2,-26.63,-20.0
2/2_0/2_0_525.wav,2,-26.64,-20.0
2/2_0/2_0_526.wav,2,-25.48,-20.0
2/2_0/2_0_527.wav,2,-24.75,-20.0
2/2_0/2_0_528.wav,2,-23.58,-20.0
2/2_0/2_0_529.wav,2,-26.03,-20.0
2/2_0/2_0_53.wav,2,-23.79,-20.0
2/2_0/2_0_530.wav,2,-26.46,-20.0
2/2_0/2_0_531.wav,2,-31.55,-20.0
2/2_0/2_0_532.wav,2,-35.14,-20.0
2/2_0/2_0_533.wav,2,-37.87,-20.0
2/2_0/2_0_534.wav,2,-37.67,-20.0
2/2_0/2_0_535.wav,2,-39.21,-20.0
2/2_0/2_0_536.wav,2,-37.92,-20.0
2/2_0/2_0_537.wav,2,-28.85,-20.0
2/2_0/2_0_538.wav,2,-28.67,-20.0
2/2_0/2_0_539.wav,2,-29.13,-20.0
2/2_0/2_0_54.wav,2,-23.61,-20.0
2/2_0/2_0_540.wav,2,-26.83,-20.02
2/2_0/2_0_541.wav,2,-27.79,-20.0
2/2_0/2_0_542.wav,2,-28.26,-20.0
2/2_0/2_0_543.wav,2,-26.66,-20.0
2/2_0/2_0_544.wav,2,-25.48,-20.0
2/2_0/2_0_545.wav,2,-25.08,-20.0
2/2_0/2_0_546.wav,2,-23.96,-20.0
2/2_0/2_0_547.wav,2,-22.42,-20.0
2/2_0/2_0_548.wav,2,-24.61,-20.0
2/2_0/2_0_549.wav,2,-25.53,-20.0
2/2_0/2_0_55.wav,2,-23.58,-20.0
2/2_0/2_0_550.wav,2,-23.84,-20.0
2/2_0/2_0_551.wav,2,-23.79,-20.0
2/2_0/2_0_552.wav,2,-25.09,-20.01
2/2_0/2_0_553.wav,2,-24.82,-20.0
2/2_0/2_0_554.wav,2,-24.8,-20.0
2/2_0/2_0_555.wav,2,-24.63,-20.0
2/2_0/2_0_556.wav,2,-23.29,-20.01
2/2_0/2_0_557.wav,2,-22.31,-20.0
2/2_0/2_0_558.wav,2,-22.05,-20.0
2/2_0/2_0_559.wav,2,-22.09,-20.0
2/2_0/2_0_56.wav,2,-23.41,-20.0
2/2_0/2_0_560.wav,2,-21.42,-20.0
2/2_0/2_0_561.wav,2,-21.11,-20.0
2/2_0/2_0_562.wav,2,-22.14,-20.0
2/2_0/2_0_563.wav,2,-23.61,-20.0
2/2_0/2_0_564.wav,2,-22.17,-20.0
2/2_0/2_0_565.wav,2,-21.38,-20.0
2/2_0/2_0_566.wav,2,-20.31,-20.0
2/2_0/2_0_567.wav,2,-20.78,-20.0
2/2_0/2_0_568.wav,2,-20.71,-20.0
2/2_0/2_0_569.wav,2,-20.17,-20.0
2/2_0/2_0_57.wav,2,-23.4,-20.0
2/2_0/2_0_570.wav,2,-18.9,-20.0
2/2_0/2_0_571.wav,2,-18.11,-20.0
2/2_0/2_0_572.wav,2,-16.37,-20.0
2/2_0/2_0_573.wav,2,-15.82,-20.0
2/2_0/2_0_574.wav,2,-16.81,-20.0
2/2_0/2_0_575.wav,2,-16.27,-20.0
2/2_0/2_0_576.wav,2,-17.28,-20.0
2/2_0/2_0_577.wav,2,-18.14,-20.0
2/2_0/2_0_578.wav,2,-17.29,-20.0
2/2_0/2_0_579.wav,2,-16.42,-20.0
2/2_0/2_0_58.wav,2,-23.47,-20.0
2/2_0/2_0_580.wav,2,-15.22,-20.0
2/2_0/2_0_581.wav,2,-13.29,-20.0
2/2_0/2_0_582.wav,2,-12.66,-20.0
2/2_0/2_0_583.wav,2,-11.91,-20.0
2/2_0/2_0_584.wav,2,-13.36,-20.0
2/2_0/2_0_585.wav,2,-14.09,-20.0
2/2_0/2_0_586.wav,2,-14.96,-20.0
2/2_0/2_0_587.wav,2,-14.84,-20.0
2/2_0/2_0_588.wav,2,-14.97,-20.0
2/2_0/2_0_589.wav,2,-15.55,-20.0
2/2_0/2_0_59.wav,2,-23.67,-20.0
2/2_0/2_0_590.wav,2,-17.55,-20.0
2/2_0/2_0_591.wav,2,-19.03,-20.0
2/2_0/2_0_592.wav,2,-20.03,-20.0
2/2_0/2_0_593.wav,2,-20.91,-20.0
2/2_0/2_0_594.wav,2,-19.49,-20.0
2/2_0/2_0_595.wav,2,-16.66,-20.0
2/2_0/2_0_596.wav,2,-18.76,-20.0
2/2_0/2_0_597.wav,2,-20.03,-20.0
2/2_0/2_0_598.wav,2,-22.22,-20.0
2/2_0/2_0_599.wav,2,-22.74,-20.01
2/2_0/2_0_6.wav,2,-47.33,-20.0
2/2_0/2_0_60.wav,2,-25.25,-20.0
2/2_0/2_0_600.wav,2,-22.93,-20.0
2/2_0/2_0_601.wav,2,-24.11,-20.0
2/2_0/2_0_602.wav,2,-25.46,-20.0
2/2_0/2_0_603.wav,2,-23.2,-20.0
2/2_0/2_0_604.wav,2,-26.14,-20.0
2/2_0/2_0_605.wav,2,-25.9,-20.0
2/2_0/2_0_606.wav,2,-29.05,-20.01
2/2_0/2_0_607.wav,2,-24.53,-20.0
2/2_0/2_0_608.wav,2,-26.65,-20.0
2/2_0/2_0_609.wav,2,-28.32,-20.0
2/2_0/2_0_61.wav,2,-41.11,-20.0
2/2_0/2_0_610.wav,2,-28.76,-20.0
2/2_0/2_0_611.wav,2,-26.82,-20.0
2/2_0/2_0_612.wav,2,-26.51,-20.0
2/2_0/2_0_613.wav,2,-25.69,-20.0
2/2_0/2_0_614.wav,2,-25.83,-20.01
2/2_0/2_0_615.wav,2,-23.87,-20.0
2/2_0/2_0_616.wav,2,-21.97,-20.0
2/2_0/2_0_617.wav,2,-23.32,-20.0
2/2_0/2_0_618.wav,2,-20.74,-20.0
2/2_0/2_0_619.wav,2,-21.81,-20.0
2/2_0/2_0_62.wav,2,-41.08,-20.0
2/2_0/2_0_620.wav,2,-23.15,-20.0
2/2_0/2_0_621.wav,2,-23.28,-20.0
2/2_0/2_0_622.wav,2,-20.28,-20.0
2/2_0/2_0_623.wav,2,-18.68,-20.0
2/2_0/2_0_624.wav,2,-18.01,-20.0
2/2_0/2_0_625.wav,2,-18.23,-20.0
2/2_0/2_0_626.wav,2,-18.52,-20.0
2/2_0/2_0_627.wav,2,-18.65,-20.0
2/2_0/2_0_628.wav,2,-18.06,-20.0
2/2_0/2_0_629.wav,2,-17.76,-20.0
2/2_0/2_0_63.wav,2,-41.51,-20.0
2/2_0/2_0_630.wav,2,-16.16,-20.0
2/2_0/2_0_631.wav,2,-15.76,-20.0
2/2_0/2_0_632.wav,2,-15.22,-20.0
2/2_0/2_0_633.wav,2,-17.08,-20.0
2/2_0/2_0_634.wav,2,-30.13,-20.05
2/2_0/2_0_635.wav,2,-31.94,-20.05
2/2_0/2_0_636.wav,2,-31.69,-20.05
2/2_0/2_0_637.wav,2,-31.67,-20.03
2/2_0/2_0_638.wav,2,-29.61,-20.0
2/2_0/2_0_639.wav,2,-32.07,-20.09
2/2_0/2_0_64.wav,2,-41.66,-20.0
2/2_0/2_0_640.wav,2,-32.87,-20.15
2/2_0/2_0_641.wav,2,-27.08,-20.01
2/2_0/2_0_642.wav,2,-33.16,-20.03
2/2_0/2_0_643.wav,2,-31.15,-20.14
2/2_0/2_0_644.wav,2,-31.32,-20.01
2/2_0/2_0_645.wav,2,-26.33,-20.0
2/2_0/2_0_646.wav,2,-29.55,-20.01
2/2_0/2_0_647.wav,2,-30.39,-20.0
2/2_0/2_0_648.wav,2,-32.22,-20.06
2/2_0/2_0_649.wav,2,-30.8,-20.0
2/2_0/2_0_65.wav,2,-41.65,-20.0
2/2_0/2_0_650.wav,2,-29.7,-20.0
2/2_0/2_0_651.wav,2,-27.2,-20.0
2/2_0/2_0_652.wav,2,-27.91,-20.01
2/2_0/2_0_653.wav,2,-26.56,-20.0
2/2_0/2_0_654.wav,2,-24.56,-20.0
2/2_0/2_0_655.wav,2,-25.42,-20.0
2/2_0/2_0_656.wav,2,-24.46,-20.0
2/2_0/2_0_657.wav,2,-23.77,-20.0
2/2_0/2_0_658.wav,2,-22.39,-20.0
2/2_0/2_0_659.wav,2,-19.72,-20.0
2/2_0/2_0_66.wav,2,-41.49,-20.0
2/2_0/2_0_660.wav,2,-19.18,-20.0
2/2_0/2_0_661.wav,2,-17.63,-20.0
2/2_0/2_0_662.wav,2,-20.29,-20.0
2/2_0/2_0_663.wav,2,-21.17,-20.0
2/2_0/2_0_664.wav,2,-20.06,-20.0
2/2_0/2_0_665.wav,2,-17.76,-20.0
2/2_0/2_0_666.wav,2,-15.75,-20.0
2/2_0/2_0_667.wav,2,-16.23,-20.0
2/2_0/2_0_668.wav,2,-15.58,-20.0
2/2_0/2_0_669.wav,2,-16.11,-20.0
2/2_0/2_0_67.wav,2,-42.2,-20.0
2/2_0/2_0_670.wav,2,-14.74,-20.0
2/2_0/2_0_671.wav,2,-13.15,-20.0
2/2_0/2_0_672.wav,2,-12.78,-20.0
2/2_0/2_0_673.wav,2,-12.09,-20.0
2/2_0/2_0_674.wav,2,-14.21,-20.0
2/2_0/2_0_675.wav,2,-14.65,-20.0
2/2_0/2_0_676.wav,2,-15.88,-20.0
2/2_0/2_0_677.wav,2,-15.82,-20.0
2/2_0/2_0_678.wav,2,-15.71,-20.0
2/2_0/2_0_679.wav,2,-16.81,-20.0
2/2_0/2_0_68.wav,2,-41.84,-20.0
2/2_0/2_0_680.wav,2,-18.01,-20.0
2/2_0/2_0_681.wav,2,-17.4,-20.0
2/2_0/2_0_682.wav,2,-19.05,-20.0
2/2_0/2_0_683.wav,2,-19.39,-20.0
2/2_0/2_0_684.wav,2,-18.78,-20.0
2/2_0/2_0_685.wav,2,-19.11,-20.0
2/2_0/2_0_686.wav,2,-20.55,-20.0
2/2_0/2_0_687.wav,2,-20.2,-20.0
2/2_0/2_0_688.wav,2,-22.53,-20.0
2/2_0/2_0_689.wav,2,-24.74,-20.0
2/2_0/2_0_69.wav,2,-42.19,-20.0
2/2_0/2_0_690.wav,2,-23.88,-20.0
2/2_0/2_0_691.wav,2,-21.92,-20.0
2/2_0/2_0_692.wav,2,-21.82,-20.0
2/2_0/2_0_693.wav,2,-25.07,-20.01
2/2_0/2_0_694.wav,2,-25.25,-20.0
2/2_0/2_0_695.wav,2,-26.12,-20.0
2/2_0/2_0_696.wav,2,-27.49,-20.0
2/2_0/2_0_697.wav,2,-27.01,-20.02
2/2_0/2_0_698.wav,2,-27.83,-20.0
2/2_0/2_0_699.wav,2,-27.83,-20.0
2/2_0/2_0_7.wav,2,-45.29,-20.0
2/2_0/2_0_70.wav,2,-42.0,-20.0
2/2_0/2_0_700.wav,2,-27.69,-20.0
2/2_0/2_0_701.wav,2,-26.71,-20.0
2/2_0/2_0_702.wav,2,-26.37,-20.02
2/2_0/2_0_703.wav,2,-26.18,-20.0
2/2_0/2_0_704.wav,2,-24.38,-20.01
2/2_0/2_0_705.wav,2,-24.27,-20.0
2/2_0/2_0_706.wav,2,-23.68,-20.0
2/2_0/2_0_707.wav,2,-23.98,-20.0
2/2_0/2_0_708.wav,2,-22.45,-20.0
2/2_0/2_0_709.wav,2,-26.21,-20.0
2/2_0/2_0_71.wav,2,-41.84,-20.0
2/2_0/2_0_710.wav,2,-26.52,-20.0
2/2_0/2_0_711.wav,2,-26.92,-20.0
2/2_0/2_0_712.wav,2,-27.45,-20.0
2/2_0/2_0_713.wav,2,-28.28,-20.0
2/2_0/2_0_714.wav,2,-27.15,-20.0
2/2_0/2_0_715.wav,2,-25.99,-20.0
2/2_0/2_0_716.wav,2,-27.15,-20.0
2/2_0/2_0_717.wav,2,-29.73,-20.0
2/2_0/2_0_718.wav,2,-28.83,-20.0
2/2_0/2_0_719.wav,2,-31.37,-20.0
2/2_0/2_0_72.wav,2,-41.97,-20.0
2/2_0/2_0_720.wav,2,-29.34,-20.0
2/2_0/2_0_721.wav,2,-29.47,-20.0
2/2_0/2_0_722.wav,2,-27.83,-20.0
2/2_0/2_0_723.wav,2,-29.11,-20.0
2/2_0/2_0_724.wav,2,-30.05,-20.0
2/2_0/2_0_725.wav,2,-31.09,-20.0
2/2_0/2_0_726.wav,2,-31.25,-20.01
2/2_0/2_0_727.wav,2,-32.68,-20.0
2/2_0/2_0_728.wav,2,-31.87,-20.0
2/2_0/2_0_729.wav,2,-32.68,-20.02
2/2_0/2_0_73.wav,2,-57.29,-20.02
2/2_0/2_0_730.wav,2,-30.13,-20.04
2/2_0/2_0_731.wav,2,-34.11,-20.74
2/2_0/2_0_732.wav,2,-35.87,-20.0
2/2_0/2_0_733.wav,2,-31.45,-20.01
2/2_0/2_0_734.wav,2,-32.76,-20.08
2/2_0/2_0_735.wav,2,-27.29,-20.0
2/2_0/2_0_736.wav,2,-26.25,-20.0
2/2_0/2_0_737.wav,2,-26.2,-20.0
2/2_0/2_0_738.wav,2,-23.8,-20.0
2/2_0/2_0_739.wav,2,-22.63,-20.0
2/2_0/2_0_74.wav,2,-50.99,-20.03
2/2_0/2_0_740.wav,2,-22.06,-20.0
2/2_0/2_0_741.wav,2,-23.81,-20.0
2/2_0/2_0_742.wav,2,-24.47,-20.0
2/2_0/2_0_743.wav,2,-23.77,-20.0
2/2_0/2_0_744.wav,2,-20.85,-20.0
2/2_0/2_0_745.wav,2,-23.7,-20.0
2/2_0/2_0_746.wav,2,-23.14,-20.0
2/2_0/2_0_747.wav,2,-23.27,-20.0
2/2_0/2_0_748.wav,2,-22.7,-20.0
2/2_0/2_0_749.wav,2,-22.2,-20.0
2/2_0/2_0_75.wav,2,-45.71,-20.03
2/2_0/2_0_750.wav,2,-21.47,-20.0
2/2_0/2_0_751.wav,2,-20.44,-20.0
2/2_0/2_0_752.wav,2,-17.44,-20.0
2/2_0/2_0_753.wav,2,-19.35,-20.0
2/2_0/2_0_754.wav,2,-18.72,-20.0
2/2_0/2_0_755.wav,2,-21.51,-20.0
2/2_0/2_0_756.wav,2,-23.09,-20.0
2/2_0/2_0_757.wav,2,-24.02,-20.01
2/2_0/2_0_758.wav,2,-23.98,-20.0
2/2_0/2_0_759.wav,2,-24.03,-20.0
2/2_0/2_0_76.wav,2,-36.3,-20.0
2/2_0/2_0_760.wav,2,-22.11,-20.0
2/2_0/2_0_761.wav,2,-27.12,-20.0
2/2_0/2_0_762.wav,2,-26.32,-20.0
2/2_0/2_0_763.wav,2,-26.36,-20.0
2/2_0/2_0_764.wav,2,-26.1,-20.0
2/2_0/2_0_765.wav,2,-25.13,-20.0
2/2_0/2_0_766.wav,2,-26.6,-20.0
2/2_0/2_0_767.wav,2,-26.56,-20.0
2/2_0/2_0_768.wav,2,-26.75,-20.0
2/2_0/2_0_769.wav,2,-27.35,-20.0
2/2_0/2_0_77.wav,2,-36.0,-20.0
2/2_0/2_0_770.wav,2,-26.86,-20.0
2/2_0/2_0_771.wav,2,-26.33,-20.0
2/2_0/2_0_772.wav,2,-25.18,-20.0
2/2_0/2_0_773.wav,2,-23.5,-20.0
2/2_0/2_0_774.wav,2,-23.97,-20.0
2/2_0/2_0_775.wav,2,-21.9,-20.0
2/2_0/2_0_776.wav,2,-23.02,-20.01
2/2_0/2_0_777.wav,2,-23.61,-20.0
2/2_0/2_0_778.wav,2,-23.77,-20.0
2/2_0/2_0_779.wav,2,-24.24,-20.0
2/2_0/2_0_78.wav,2,-40.8,-20.0
2/2_0/2_0_780.wav,2,-25.04,-20.03
2/2_0/2_0_781.wav,2,-25.53,-20.0
2/2_0/2_0_782.wav,2,-25.27,-20.0
2/2_0/2_0_783.wav,2,-21.97,-20.0
2/2_0/2_0_784.wav,2,-25.84,-20.0
2/2_0/2_0_785.wav,2,-25.95,-20.0
2/2_0/2_0_786.wav,2,-26.1,-20.0
2/2_0/2_0_787.wav,2,-27.95,-20.0
2/2_0/2_0_788.wav,2,-27.36,-20.0
2/2_0/2_0_789.wav,2,-28.02,-20.0
2/2_0/2_0_79.wav,2,-37.51,-20.0
2/2_0/2_0_790.wav,2,-27.77,-20.07
2/2_0/2_0_791.wav,2,-25.44,-20.0
2/2_0/2_0_792.wav,2,-25.72,-20.0
2/2_0/2_0_793.wav,2,-34.5,-20.05
2/2_0/2_0_794.wav,2,-33.67,-20.16
2/2_0/2_0_795.wav,2,-32.55,-20.01
2/2_0/2_0_796.wav,2,-30.71,-20.17
2/2_0/2_0_797.wav,2,-31.09,-20.03
2/2_0/2_0_798.wav,2,-31.65,-20.04
2/2_0/2_0_799.wav,2,-26.2,-20.01
2/2_0/2_0_8.wav,2,-48.1,-20.0
2/2_0/2_0_80.wav,2,-37.19,-20.0
2/2_0/2_0_800.wav,2,-29.29,-20.0
2/2_0/2_0_801.wav,2,-30.97,-20.27
2/2_0/2_0_802.wav,2,-31.98,-20.02
2/2_0/2_0_803.wav,2,-30.75,-20.17
2/2_0/2_0_804.wav,2,-27.48,-20.0
2/2_0/2_0_805.wav,2,-28.4,-20.0
2/2_0/2_0_806.wav,2,-29.37,-20.08
2/2_0/2_0_807.wav,2,-29.7,-20.07
2/2_0/2_0_808.wav,2,-32.52,-20.0
2/2_0/2_0_809.wav,2,-29.48,-20.07
2/2_0/2_0_81.wav,2,-42.18,-20.0
2/2_0/2_0_810.wav,2,-27.19,-20.03
2/2_0/2_0_811.wav,2,-28.42,-20.04
2/2_0/2_0_812.wav,2,-28.97,-20.01
2/2_0/2_0_813.wav,2,-26.69,-20.0
2/2_0/2_0_814.wav,2,-28.71,-20.0
2/2_0/2_0_815.wav,2,-26.37,-20.0
2/2_0/2_0_816.wav,2,-26.72,-20.0
2/2_0/2_0_817.wav,2,-28.08,-20.0
2/2_0/2_0_818.wav,2,-25.27,-20.0
2/2_0/2_0_819.wav,2,-26.97,-20.03
2/2_0/2_0_82.wav,2,-41.48,-20.0
2/2_0/2_0_820.wav,2,-24.73,-20.0
2/2_0/2_0_821.wav,2,-25.8,-20.0
2/2_0/2_0_822.wav,2,-25.48,-20.0
2/2_0/2_0_823.wav,2,-24.74,-20.01
2/2_0/2_0_824.wav,2,-25.58,-20.01
2/2_0/2_0_825.wav,2,-22.78,-20.0
2/2_0/2_0_826.wav,2,-22.16,-20.0
2/2_0/2_0_827.wav,2,-22.39,-20.0
2/2_0/2_0_828.wav,2,-18.41,-20.0
2/2_0/2_0_829.wav,2,-16.23,-20.0
2/2_0/2_0_83.wav,2,-38.81,-20.0
2/2_0/2_0_830.wav,2,-13.77,-20.0
2/2_0/2_0_831.wav,2,-12.33,-20.0
2/2_0/2_0_832.wav,2,-9.64,-20.0
2/2_0/2_0_833.wav,2,-10.34,-20.0
2/2_0/2_0_834.wav,2,-12.32,-20.0
2/2_0/2_0_835.wav,2,-14.23,-20.0
2/2_0/2_0_836.wav,2,-16.39,-20.0
2/2_0/2_0_837.wav,2,-16.46,-20.0
2/2_0/2_0_838.wav,2,-18.87,-20.0
2/2_0/2_0_839.wav,2,-19.43,-20.0
2/2_0/2_0_84.wav,2,-39.51,-20.0
2/2_0/2_0_840.wav,2,-21.35,-20.0
2/2_0/2_0_841.wav,2,-23.67,-20.0
2/2_0/2_0_842.wav,2,-23.01,-20.0
2/2_0/2_0_843.wav,2,-23.16,-20.0
2/2_0/2_0_85.wav,2,-47.76,-20.21
2/2_0/2_0_86.wav,2,-55.66,-20.0
2/2_0/2_0_87.wav,2,-55.47,-20.0
2/2_0/2_0_88.wav,2,-55.05,-20.0
2/2_0/2_0_89.wav,2,-54.86,-20.0
2/2_0/2_0_9.wav,2,-49.13,-20.0
2/2_0/2_0_90.wav,2,-54.86,-20.0
2/2_0/2_0_91.wav,2,-52.91,-20.0
2/2_0/2_0_92.wav,2,-53.01,-20.0
2/2_0/2_0_93.wav,2,-52.37,-20.0
2/2_0/2_0_94.wav,2,-51.62,-20.0
2/2_0/2_0_95.wav,2,-51.99,-20.0
2/2_0/2_0_96.wav,2,-51.34,-20.0
2/2_0/2_0_97.wav,2,-51.59,-20.0
2/2_0/2_0_98.wav,2,-51.19,-20.0
2/2_0/2_0_99.wav,2,-50.92,-20.06
3/3_0/3_0_1.wav,3,-58.34,-20.01
3/3_0/3_0_10.wav,3,-42.4,-20.0
3/3_0/3_0_100.wav,3,-20.55,-20.0
3/3_0/3_0_101.wav,3,-20.46,-20.0
3/3_0/3_0_102.wav,3,-19.97,-20.0
3/3_0/3_0_103.wav,3,-19.57,-20.0
3/3_0/3_0_104.wav,3,-18.86,-20.0
3/3_0/3_0_105.wav,3,-19.63,-20.0
3/3_0/3_0_106.wav,3,-19.09,-20.0
3/3_0/3_0_107.wav,3,-19.55,-20.0
3/3_0/3_0_108.wav,3,-20.74,-20.0
3/3_0/3_0_109.wav,3,-20.69,-20.0
3/3_0/3_0_11.wav,3,-43.65,-20.0
3/3_0/3_0_110.wav,3,-19.76,-20.0
3/3_0/3_0_111.wav,3,-19.73,-20.0
3/3_0/3_0_112.wav,3,-18.61,-20.0
3/3_0/3_0_113.wav,3,-17.15,-20.0
3/3_0/3_0_114.wav,3,-13.54,-20.0
3/3_0/3_0_115.wav,3,-13.04,-20.0
3/3_0/3_0_116.wav,3,-13.23,-20.0
3/3_0/3_0_117.wav,3,-14.01,-20.0
3/3_0/3_0_118.wav,3,-14.53,-20.0
3/3_0/3_0_119.wav,3,-14.58,-20.0
3/3_0/3_0_12.wav,3,-44.78,-20.0
3/3_0/3_0_120.wav,3,-14.39,-20.0
3/3_0/3_0_121.wav,3,-14.97,-20.0
3/3_0/3_0_122.wav,3,-15.16,-20.0
3/3_0/3_0_123.wav,3,-15.94,-20.0
3/3_0/3_0_124.wav,3,-16.26,-20.0
3/3_0/3_0_125.wav,3,-16.08,-20.0
3/3_0/3_0_126.wav,3,-16.52,-20.0
3/3_0/3_0_127.wav,3,-17.67,-20.0
3/3_0/3_0_128.wav,3,-19.8,-20.0
3/3_0/3_0_129.wav,3,-21.15,-20.0
3/3_0/3_0_13.wav,3,-44.39,-20.0
3/3_0/3_0_130.wav,3,-22.36,-20.0
3/3_0/3_0_131.wav,3,-22.9,-20.0
3/3_0/3_0_132.wav,3,-23.58,-20.0
3/3_0/3_0_133.wav,3,-24.12,-20.0
3/3_0/3_0_134.wav,3,-25.8,-20.0
3/3_0/3_0_135.wav,3,-25.7,-20.0
3/3_0/3_0_136.wav,3,-26.9,-20.0
3/3_0/3_0_137.wav,3,-27.65,-20.0
3/3_0/3_0_138.wav,3,-26.04,-20.0
3/3_0/3_0_139.wav,3,-25.52,-20.0
3/3_0/3_0_14.wav,3,-44.96,-20.0
3/3_0/3_0_140.wav,3,-24.87,-20.0
3/3_0/3_0_141.wav,3,-24.46,-20.0
3/3_0/3_0_142.wav,3,-22.99,-20.0
3/3_0/3_0_143.wav,3,-21.47,-20.0
3/3_0/3_0_144.wav,3,-20.6,-20.0
3/3_0/3_0_145.wav,3,-21.45,-20.0
3/3_0/3_0_146.wav,3,-21.53,-20.0
3/3_0/3_0_147.wav,3,-21.91,-20.0
3/3_0/3_0_148.wav,3,-21.77,-20.0
3/3_0/3_0_149.wav,3,-22.21,-20.0
3/3_0/3_0_15.wav,3,-47.14,-20.0
3/3_0/3_0_150.wav,3,-21.9,-20.0
3/3_0/3_0_151.wav,3,-22.29,-20.0
3/3_0/3_0_152.wav,3,-24.13,-20.0
3/3_0/3_0_153.wav,3,-25.72,-20.0
3/3_0/3_0_154.wav,3,-23.72,-20.0
3/3_0/3_0_155.wav,3,-22.45,-20.0
3/3_0/3_0_156.wav,3,-22.64,-20.0
3/3_0/3_0_157.wav,3,-23.87,-20.0
3/3_0/3_0_158.wav,3,-25.11,-20.0
3/3_0/3_0_159.wav,3,-27.57,-20.0
3/3_0/3_0_16.wav,3,-49.42,-20.0
3/3_0/3_0_160.wav,3,-23.24,-20.0
3/3_0/3_0_161.wav,3,-24.74,-20.0
3/3_0/3_0_162.wav,3,-21.45,-20.0
3/3_0/3_0_163.wav,3,-19.95,-20.0
3/3_0/3_0_164.wav,3,-18.8,-20.0
3/3_0/3_0_165.wav,3,-19.7,-20.0
3/3_0/3_0_166.wav,3,-17.87,-20.0
3/3_0/3_0_167.wav,3,-16.85,-20.0
3/3_0/3_0_168.wav,3,-16.75,-20.0
3/3_0/3_0_169.wav,3,-16.69,-20.0
3/3_0/3_0_17.wav,3,-52.37,-20.0
3/3_0/3_0_170.wav,3,-16.85,-20.0
3/3_0/3_0_171.wav,3,-17.74,-20.0
3/3_0/3_0_172.wav,3,-19.37,-20.0
3/3_0/3_0_173.wav,3,-19.16,-20.0
3/3_0/3_0_174.wav,3,-21.64,-20.0
3/3_0/3_0_175.wav,3,-22.45,-20.0
3/3_0/3_0_176.wav,3,-21.41,-20.0
3/3_0/3_0_177.wav,3,-20.75,-20.0
3/3_0/3_0_178.wav,3,-21.35,-20.01
3/3_0/3_0_179.wav,3,-20.36,-20.0
3/3_0/3_0_18.wav,3,-53.29,-20.08
3/3_0/3_0_180.wav,3,-22.42,-20.0
3/3_0/3_0_181.wav,3,-23.12,-20.0
3/3_0/3_0_182.wav,3,-21.74,-20.0
3/3_0/3_0_183.wav,3,-23.21,-20.0
3/3_0/3_0_184.wav,3,-23.96,-20.0
3/3_0/3_0_185.wav,3,-25.16,-20.0
3/3_0/3_0_186.wav,3,-22.9,-20.01
3/3_0/3_0_19.wav,3,-50.08,-20.0
3/3_0/3_0_2.wav,3,-57.26,-20.0
3/3_0/3_0_20.wav,3,-51.76,-20.02
3/3_0/3_0_21.wav,3,-52.27,-20.0
3/3_0/3_0_22.wav,3,-53.65,-20.0
3/3_0/3_0_23.wav,3,-52.56,-20.0
3/3_0/3_0_24.wav,3,-54.22,-20.03
3/3_0/3_0_25.wav,3,-53.91,-20.0
3/3_0/3_0_26.wav,3,-54.24,-20.01
3/3_0/3_0_27.wav,3,-54.83,-20.01
3/3_0/3_0_28.wav,3,-55.4,-20.0
3/3_0/3_0_29.wav,3,-56.66,-20.03
3/3_0/3_0_3.wav,3,-56.84,-20.0
3/3_0/3_0_30.wav,3,-54.77,-20.09
3/3_0/3_0_31.wav,3,-54.72,-20.0
3/3_0/3_0_32.wav,3,-54.9,-20.0
3/3_0/3_0_33.wav,3,-36.45,-20.01
3/3_0/3_0_34.wav,3,-35.97,-20.0
3/3_0/3_0_35.wav,3,-30.47,-20.0
3/3_0/3_0_36.wav,3,-26.56,-20.0
3/3_0/3_0_37.wav,3,-26.66,-20.0
3/3_0/3_0_38.wav,3,-26.88,-20.0
3/3_0/3_0_39.wav,3,-26.51,-20.0
3/3_0/3_0_4.wav,3,-53.51,-20.0
3/3_0/3_0_40.wav,3,-27.0,-20.0
3/3_0/3_0_41.wav,3,-27.5,-20.0
3/3_0/3_0_42.wav,3,-28.25,-20.0
3/3_0/3_0_43.wav,3,-44.43,-20.0
3/3_0/3_0_44.wav,3,-32.05,-20.0
3/3_0/3_0_45.wav,3,-24.97,-20.0
3/3_0/3_0_46.wav,3,-22.69,-20.0
3/3_0/3_0_47.wav,3,-23.13,-20.0
3/3_0/3_0_48.wav,3,-22.89,-20.0
3/3_0/3_0_49.wav,3,-23.12,-20.0
3/3_0/3_0_5.wav,3,-48.65,-20.0
3/3_0/3_0_50.wav,3,-23.21,-20.0
3/3_0/3_0_51.wav,3,-22.77,-20.0
3/3_0/3_0_52.wav,3,-41.31,-20.01
3/3_0/3_0_53.wav,3,-40.13,-20.0
3/3_0/3_0_54.wav,3,-38.91,-20.0
3/3_0/3_0_55.wav,3,-38.01,-20.0
3/3_0/3_0_56.wav,3,-37.95,-20.0
3/3_0/3_0_57.wav,3,-37.86,-20.0
3/3_0/3_0_58.wav,3,-38.13,-20.01
3/3_0/3_0_59.wav,3,-37.82,-20.0
3/3_0/3_0_6.wav,3,-44.7,-20.0
3/3_0/3_0_60.wav,3,-37.74,-20.0
3/3_0/3_0_61.wav,3,-37.74,-20.0
3/3_0/3_0_62.wav,3,-37.14,-20.01
3/3_0/3_0_63.wav,3,-36.82,-20.0
3/3_0/3_0_64.wav,3,-35.64,-20.0
3/3_0/3_0_65.wav,3,-34.35,-20.0
3/3_0/3_0_66.wav,3,-33.75,-20.0
3/3_0/3_0_67.wav,3,-33.21,-20.0
3/3_0/3_0_68.wav,3,-33.87,-20.0
3/3_0/3_0_69.wav,3,-33.72,-20.0
3/3_0/3_0_7.wav,3,-42.92,-20.0
3/3_0/3_0_70.wav,3,-34.22,-20.0
3/3_0/3_0_71.wav,3,-34.01,-20.0
3/3_0/3_0_72.wav,3,-33.2,-20.0
3/3_0/3_0_73.wav,3,-33.05,-20.0
3/3_0/3_0_74.wav,3,-32.77,-20.0
3/3_0/3_0_75.wav,3,-32.69,-20.0
3/3_0/3_0_76.wav,3,-32.66,-20.0
3/3_0/3_0_77.wav,3,-32.7,-20.0
3/3_0/3_0_78.wav,3,-33.26,-20.0
3/3_0/3_0_79.wav,3,-32.73,-20.0
3/3_0/3_0_8.wav,3,-43.07,-20.0
3/3_0/3_0_80.wav,3,-30.12,-20.0
3/3_0/3_0_81.wav,3,-28.54,-20.0
3/3_0/3_0_82.wav,3,-26.98,-20.0
3/3_0/3_0_83.wav,3,-26.35,-20.0
3/3_0/3_0_84.wav,3,-26.26,-20.0
3/3_0/3_0_85.wav,3,-26.35,-20.0
3/3_0/3_0_86.wav,3,-25.93,-20.0
3/3_0/3_0_87.wav,3,-25.42,-20.0
3/3_0/3_0_88.wav,3,-24.35,-20.0
3/3_0/3_0_89.wav,3,-22.68,-20.0
3/3_0/3_0_9.wav,3,-42.18,-20.0
3/3_0/3_0_90.wav,3,-22.99,-20.0
3/3_0/3_0_91.wav,3,-22.36,-20.0
3/3_0/3_0_92.wav,3,-21.29,-20.0
3/3_0/3_0_93.wav,3,-20.79,-20.0
3/3_0/3_0_94.wav,3,-20.62,-20.0
3/3_0/3_0_95.wav,3,-19.99,-20.0
3/3_0/3_0_96.wav,3,-19.4,-20.0
3/3_0/3_0_97.wav,3,-19.74,-20.0
3/3_0/3_0_98.wav,3,-20.31,-20.0
3/3_0/3_0_99.wav,3,-21.35,-20.0
3/3_1/3_1_1.wav,3,-44.2,-20.01
3/3_1/3_1_10.wav,3,-40.55,-20.0
3/3_1/3_1_100.wav,3,-22.89,-20.0
3/3_1/3_1_101.wav,3,-23.36,-20.0
3/3_1/3_1_102.wav,3,-24.02,-20.0
3/3_1/3_1_103.wav,3,-24.74,-20.0
3/3_1/3_1_104.wav,3,-24.7,-20.0
3/3_1/3_1_105.wav,3,-24.69,-20.0
3/3_1/3_1_106.wav,3,-24.68,-20.0
3/3_1/3_1_107.wav,3,-25.3,-20.0
3/3_1/3_1_108.wav,3,-26.56,-20.0
3/3_1/3_1_109.wav,3,-27.37,-20.0
3/3_1/3_1_11.wav,3,-39.16,-20.0
3/3_1/3_1_110.wav,3,-28.44,-20.0
3/3_1/3_1_111.wav,3,-29.27,-20.0
3/3_1/3_1_112.wav,3,-32.79,-20.0
3/3_1/3_1_113.wav,3,-34.57,-20.0
3/3_1/3_1_114.wav,3,-35.46,-20.01
3/3_1/3_1_115.wav,3,-36.44,-20.0
3/3_1/3_1_116.wav,3,-36.81,-20.0
3/3_1/3_1_117.wav,3,-36.08,-20.0
3/3_1/3_1_118.wav,3,-34.81,-20.0
3/3_1/3_1_119.wav,3,-35.81,-20.0
3/3_1/3_1_12.wav,3,-37.95,-20.0
3/3_1/3_1_120.wav,3,-36.19,-20.0
3/3_1/3_1_121.wav,3,-40.05,-20.0
3/3_1/3_1_122.wav,3,-39.28,-20.0
3/3_1/3_1_123.wav,3,-40.1,-20.0
3/3_1/3_1_124.wav,3,-40.55,-20.01
3/3_1/3_1_125.wav,3,-40.96,-20.0
3/3_1/3_1_126.wav,3,-42.28,-20.01
3/3_1/3_1_127.wav,3,-43.35,-20.03
3/3_1/3_1_128.wav,3,-43.67,-20.01
3/3_1/3_1_129.wav,3,-44.6,-20.03
3/3_1/3_1_13.wav,3,-36.41,-20.0
3/3_1/3_1_130.wav,3,-44.38,-20.02
3/3_1/3_1_131.wav,3,-43.85,-20.12
3/3_1/3_1_132.wav,3,-45.44,-20.0
3/3_1/3_1_133.wav,3,-45.67,-20.01
3/3_1/3_1_134.wav,3,-46.73,-20.03
3/3_1/3_1_135.wav,3,-49.09,-20.01
3/3_1/3_1_136.wav,3,-49.38,-20.0
3/3_1/3_1_137.wav,3,-31.09,-20.0
3/3_1/3_1_138.wav,3,-31.31,-20.0
3/3_1/3_1_139.wav,3,-32.08,-20.0
3/3_1/3_1_14.wav,3,-35.06,-20.0
3/3_1/3_1_140.wav,3,-31.75,-20.0
3/3_1/3_1_141.wav,3,-30.69,-20.0
3/3_1/3_1_142.wav,3,-30.04,-20.0
3/3_1/3_1_143.wav,3,-29.94,-20.0
3/3_1/3_1_144.wav,3,-30.2,-20.0
3/3_1/3_1_145.wav,3,-28.85,-20.0
3/3_1/3_1_146.wav,3,-28.31,-20.0
3/3_1/3_1_147.wav,3,-27.88,-20.0
3/3_1/3_1_148.wav,3,-28.14,-20.0
3/3_1/3_1_149.wav,3,-28.25,-20.0
3/3_1/3_1_15.wav,3,-34.17,-20.0
3/3_1/3_1_150.wav,3,-25.96,-20.0
3/3_1/3_1_151.wav,3,-26.33,-20.0
3/3_1/3_1_152.wav,3,-27.28,-20.0
3/3_1/3_1_153.wav,3,-26.74,-20.0
3/3_1/3_1_154.wav,3,-25.98,-20.0
3/3_1/3_1_155.wav,3,-26.18,-20.0
3/3_1/3_1_156.wav,3,-26.27,-20.0
3/3_1/3_1_157.wav,3,-26.62,-20.0
3/3_1/3_1_158.wav,3,-26.68,-20.0
3/3_1/3_1_159.wav,3,-26.78,-20.0
3/3_1/3_1_16.wav,3,-33.63,-20.0
3/3_1/3_1_160.wav,3,-26.06,-20.0
3/3_1/3_1_161.wav,3,-25.33,-20.0
3/3_1/3_1_162.wav,3,-25.25,-20.0
3/3_1/3_1_163.wav,3,-25.23,-20.0
3/3_1/3_1_164.wav,3,-26.12,-20.0
3/3_1/3_1_165.wav,3,-26.72,-20.0
3/3_1/3_1_166.wav,3,-26.12,-20.0
3/3_1/3_1_167.wav,3,-25.23,-20.0
3/3_1/3_1_168.wav,3,-24.91,-20.0
3/3_1/3_1_169.wav,3,-24.38,-20.0
3/3_1/3_1_17.wav,3,-32.47,-20.0
3/3_1/3_1_170.wav,3,-23.91,-20.0
3/3_1/3_1_171.wav,3,-23.52,-20.0
3/3_1/3_1_172.wav,3,-23.44,-20.0
3/3_1/3_1_173.wav,3,-23.12,-20.0
3/3_1/3_1_174.wav,3,-23.46,-20.0
3/3_1/3_1_175.wav,3,-24.54,-20.0
3/3_1/3_1_176.wav,3,-24.4,-20.0
3/3_1/3_1_177.wav,3,-24.67,-20.0
3/3_1/3_1_178.wav,3,-23.55,-20.0
3/3_1/3_1_179.wav,3,-23.29,-20.0
3/3_1/3_1_18.wav,3,-30.29,-20.0
3/3_1/3_1_180.wav,3,-22.88,-20.0
3/3_1/3_1_181.wav,3,-23.37,-20.0
3/3_1/3_1_182.wav,3,-24.28,-20.0
3/3_1/3_1_183.wav,3,-24.77,-20.0
3/3_1/3_1_184.wav,3,-24.7,-20.0
3/3_1/3_1_185.wav,3,-24.65,-20.0
3/3_1/3_1_186.wav,3,-24.77,-20.0
3/3_1/3_1_187.wav,3,-25.5,-20.0
3/3_1/3_1_188.wav,3,-27.02,-20.0
3/3_1/3_1_189.wav,3,-27.23,-20.0
3/3_1/3_1_19.wav,3,-29.03,-20.0
3/3_1/3_1_190.wav,3,-29.1,-20.0
3/3_1/3_1_191.wav,3,-29.45,-20.0
3/3_1/3_1_192.wav,3,-33.27,-20.0
3/3_1/3_1_193.wav,3,-35.17,-20.0
3/3_1/3_1_194.wav,3,-35.75,-20.01
3/3_1/3_1_195.wav,3,-36.66,-20.0
3/3_1/3_1_196.wav,3,-36.86,-20.0
3/3_1/3_1_197.wav,3,-35.52,-20.0
3/3_1/3_1_198.wav,3,-34.99,-20.0
3/3_1/3_1_199.wav,3,-35.93,-20.0
3/3_1/3_1_2.wav,3,-42.94,-20.04
3/3_1/3_1_20.wav,3,-27.48,-20.0
3/3_1/3_1_200.wav,3,-36.77,-20.0
3/3_1/3_1_201.wav,3,-40.02,-20.0
3/3_1/3_1_202.wav,3,-39.34,-20.0
3/3_1/3_1_203.wav,3,-40.38,-20.0
3/3_1/3_1_204.wav,3,-40.55,-20.01
3/3_1/3_1_205.wav,3,-41.19,-20.0
3/3_1/3_1_206.wav,3,-42.71,-20.01
3/3_1/3_1_207.wav,3,-43.27,-20.03
3/3_1/3_1_208.wav,3,-43.96,-20.01
3/3_1/3_1_209.wav,3,-44.62,-20.03
3/3_1/3_1_21.wav,3,-25.39,-20.0
3/3_1/3_1_210.wav,3,-44.28,-20.02
3/3_1/3_1_211.wav,3,-32.09,-20.0
3/3_1/3_1_212.wav,3,-32.69,-20.0
3/3_1/3_1_213.wav,3,-29.08,-20.0
3/3_1/3_1_214.wav,3,-26.86,-20.0
3/3_1/3_1_215.wav,3,-28.99,-20.0
3/3_1/3_1_216.wav,3,-30.94,-20.0
3/3_1/3_1_217.wav,3,-34.58,-20.0
3/3_1/3_1_218.wav,3,-33.84,-20.0
3/3_1/3_1_219.wav,3,-35.34,-20.0
3/3_1/3_1_22.wav,3,-24.18,-20.0
3/3_1/3_1_220.wav,3,-35.84,-20.04
3/3_1/3_1_221.wav,3,-35.05,-20.02
3/3_1/3_1_222.wav,3,-32.23,-20.01
3/3_1/3_1_223.wav,3,-30.15,-20.0
3/3_1/3_1_224.wav,3,-29.48,-20.0
3/3_1/3_1_225.wav,3,-28.93,-20.0
3/3_1/3_1_226.wav,3,-28.01,-20.0
3/3_1/3_1_227.wav,3,-25.26,-20.0
3/3_1/3_1_228.wav,3,-22.21,-20.0
3/3_1/3_1_229.wav,3,-22.54,-20.0
3/3_1/3_1_23.wav,3,-22.0,-20.0
3/3_1/3_1_230.wav,3,-21.37,-20.0
3/3_1/3_1_231.wav,3,-22.47,-20.0
3/3_1/3_1_232.wav,3,-20.17,-20.0
3/3_1/3_1_233.wav,3,-20.25,-20.0
3/3_1/3_1_234.wav,3,-18.05,-20.0
3/3_1/3_1_235.wav,3,-15.58,-20.0
3/3_1/3_1_236.wav,3,-13.78,-20.0
3/3_1/3_1_237.wav,3,-13.49,-20.0
3/3_1/3_1_238.wav,3,-14.82,-20.0
3/3_1/3_1_239.wav,3,-15.77,-20.0
3/3_1/3_1_24.wav,3,-20.86,-20.0
3/3_1/3_1_240.wav,3,-20.8,-20.0
3/3_1/3_1_241.wav,3,-21.79,-20.0
3/3_1/3_1_242.wav,3,-19.02,-20.0
3/3_1/3_1_243.wav,3,-17.67,-20.0
3/3_1/3_1_244.wav,3,-18.6,-20.0
3/3_1/3_1_245.wav,3,-20.39,-20.0
3/3_1/3_1_246.wav,3,-21.53,-20.0
3/3_1/3_1_247.wav,3,-24.09,-20.0
3/3_1/3_1_248.wav,3,-26.01,-20.0
3/3_1/3_1_249.wav,3,-23.85,-20.0
3/3_1/3_1_25.wav,3,-20.97,-20.0
3/3_1/3_1_250.wav,3,-24.73,-20.0
3/3_1/3_1_251.wav,3,-25.02,-20.0
3/3_1/3_1_252.wav,3,-28.73,-20.0
3/3_1/3_1_253.wav,3,-27.45,-20.0
3/3_1/3_1_254.wav,3,-26.95,-20.0
3/3_1/3_1_255.wav,3,-28.13,-20.0
3/3_1/3_1_256.wav,3,-30.45,-20.0
3/3_1/3_1_257.wav,3,-29.67,-20.0
3/3_1/3_1_258.wav,3,-29.7,-20.0
3/3_1/3_1_259.wav,3,-30.24,-20.0
3/3_1/3_1_26.wav,3,-20.68,-20.0
3/3_1/3_1_260.wav,3,-28.94,-20.0
3/3_1/3_1_261.wav,3,-29.65,-20.0
3/3_1/3_1_262.wav,3,-30.07,-20.0
3/3_1/3_1_263.wav,3,-29.36,-20.0
3/3_1/3_1_264.wav,3,-22.55,-20.0
3/3_1/3_1_265.wav,3,-22.59,-20.0
3/3_1/3_1_266.wav,3,-22.37,-20.0
3/3_1/3_1_267.wav,3,-20.31,-20.0
3/3_1/3_1_268.wav,3,-20.39,-20.0
3/3_1/3_1_269.wav,3,-20.4,-20.0
3/3_1/3_1_27.wav,3,-21.19,-20.0
3/3_1/3_1_270.wav,3,-19.88,-20.0
3/3_1/3_1_271.wav,3,-18.8,-20.0
3/3_1/3_1_272.wav,3,-17.01,-20.0
3/3_1/3_1_273.wav,3,-16.15,-20.0
3/3_1/3_1_274.wav,3,-16.16,-20.0
3/3_1/3_1_275.wav,3,-17.42,-20.0
3/3_1/3_1_276.wav,3,-18.55,-20.0
3/3_1/3_1_277.wav,3,-17.66,-20.0
3/3_1/3_1_278.wav,3,-17.41,-20.0
3/3_1/3_1_279.wav,3,-17.35,-20.0
3/3_1/3_1_28.wav,3,-21.22,-20.0
3/3_1/3_1_280.wav,3,-16.71,-20.0
3/3_1/3_1_281.wav,3,-15.67,-20.0
3/3_1/3_1_282.wav,3,-17.17,-20.0
3/3_1/3_1_283.wav,3,-18.32,-20.0
3/3_1/3_1_284.wav,3,-19.13,-20.0
3/3_1/3_1_285.wav,3,-19.1,-20.0
3/3_1/3_1_286.wav,3,-19.41,-20.0
3/3_1/3_1_287.wav,3,-19.71,-20.0
3/3_1/3_1_288.wav,3,-19.61,-20.0
3/3_1/3_1_289.wav,3,-19.58,-20.0
3/3_1/3_1_29.wav,3,-21.05,-20.0
3/3_1/3_1_290.wav,3,-20.03,-20.0
3/3_1/3_1_291.wav,3,-20.04,-20.0
3/3_1/3_1_292.wav,3,-19.98,-20.0
3/3_1/3_1_293.wav,3,-19.77,-20.0
3/3_1/3_1_294.wav,3,-20.27,-20.0
3/3_1/3_1_295.wav,3,-20.36,-20.0
3/3_1/3_1_296.wav,3,-20.82,-20.0
3/3_1/3_1_297.wav,3,-21.41,-20.0
3/3_1/3_1_298.wav,3,-22.07,-20.0
3/3_1/3_1_299.wav,3,-22.39,-20.0
3/3_1/3_1_3.wav,3,-42.14,-20.03
3/3_1/3_1_30.wav,3,-21.56,-20.0
3/3_1/3_1_300.wav,3,-23.39,-20.0
3/3_1/3_1_31.wav,3,-22.75,-20.0
3/3_1/3_1_32.wav,3,-23.39,-20.0
3/3_1/3_1_33.wav,3,-23.42,-20.0
3/3_1/3_1_34.wav,3,-22.44,-20.0
3/3_1/3_1_35.wav,3,-23.33,-20.0
3/3_1/3_1_36.wav,3,-23.75,-20.0
3/3_1/3_1_37.wav,3,-23.56,-20.0
3/3_1/3_1_38.wav,3,-21.38,-20.0
3/3_1/3_1_39.wav,3,-20.03,-20.0
3/3_1/3_1_4.wav,3,-41.45,-20.0
3/3_1/3_1_40.wav,3,-21.29,-20.0
3/3_1/3_1_41.wav,3,-21.37,-20.0
3/3_1/3_1_42.wav,3,-22.09,-20.0
3/3_1/3_1_43.wav,3,-21.27,-20.0
3/3_1/3_1_44.wav,3,-22.48,-20.0
3/3_1/3_1_45.wav,3,-23.3,-20.0
3/3_1/3_1_46.wav,3,-25.57,-20.0
3/3_1/3_1_47.wav,3,-29.49,-20.0
3/3_1/3_1_48.wav,3,-32.05,-20.0
3/3_1/3_1_49.wav,3,-32.22,-20.0
3/3_1/3_1_5.wav,3,-40.3,-20.0
3/3_1/3_1_50.wav,3,-32.06,-20.0
3/3_1/3_1_51.wav,3,-28.01,-20.0
3/3_1/3_1_52.wav,3,-27.0,-20.0
3/3_1/3_1_53.wav,3,-29.97,-20.0
3/3_1/3_1_54.wav,3,-31.72,-20.0
3/3_1/3_1_55.wav,3,-32.75,-20.0
3/3_1/3_1_56.wav,3,-31.57,-20.0
3/3_1/3_1_57.wav,3,-31.09,-20.0
3/3_1/3_1_58.wav,3,-31.1,-20.0
3/3_1/3_1_59.wav,3,-32.05,-20.0
3/3_1/3_1_6.wav,3,-39.61,-20.0
3/3_1/3_1_60.wav,3,-32.08,-20.0
3/3_1/3_1_61.wav,3,-30.82,-20.0
3/3_1/3_1_62.wav,3,-30.09,-20.0
3/3_1/3_1_63.wav,3,-30.03,-20.0
3/3_1/3_1_64.wav,3,-30.15,-20.0
3/3_1/3_1_65.wav,3,-29.3,-20.0
3/3_1/3_1_66.wav,3,-28.11,-20.0
3/3_1/3_1_67.wav,3,-28.14,-20.0
3/3_1/3_1_68.wav,3,-27.97,-20.0
3/3_1/3_1_69.wav,3,-28.4,-20.0
3/3_1/3_1_7.wav,3,-40.19,-20.0
3/3_1/3_1_70.wav,3,-26.26,-20.0
3/3_1/3_1_71.wav,3,-26.22,-20.0
3/3_1/3_1_72.wav,3,-27.16,-20.0
3/3_1/3_1_73.wav,3,-26.84,-20.0
3/3_1/3_1_74.wav,3,-26.1,-20.0
3/3_1/3_1_75.wav,3,-26.22,-20.0
3/3_1/3_1_76.wav,3,-26.15,-20.0
3/3_1/3_1_77.wav,3,-26.58,-20.0
3/3_1/3_1_78.wav,3,-26.61,-20.0
3/3_1/3_1_79.wav,3,-26.79,-20.0
3/3_1/3_1_8.wav,3,-40.82,-20.04
3/3_1/3_1_80.wav,3,-26.32,-20.0
3/3_1/3_1_81.wav,3,-25.36,-20.0
3/3_1/3_1_82.wav,3,-25.4,-20.0
3/3_1/3_1_83.wav,3,-25.13,-20.0
3/3_1/3_1_84.wav,3,-25.85,-20.0
3/3_1/3_1_85.wav,3,-26.66,-20.0
3/3_1/3_1_86.wav,3,-26.35,-20.0
3/3_1/3_1_87.wav,3,-25.46,-20.0
3/3_1/3_1_88.wav,3,-24.98,-20.0
3/3_1/3_1_89.wav,3,-24.41,-20.0
3/3_1/3_1_9.wav,3,-40.91,-20.07
3/3_1/3_1_90.wav,3,-23.98,-20.0
3/3_1/3_1_91.wav,3,-23.63,-20.0
3/3_1/3_1_92.wav,3,-23.41,-20.0
3/3_1/3_1_93.wav,3,-23.25,-20.0
3/3_1/3_1_94.wav,3,-23.13,-20.0
3/3_1/3_1_95.wav,3,-24.54,-20.0
3/3_1/3_1_96.wav,3,-24.44,-20.0
3/3_1/3_1_97.wav,3,-24.82,-20.0
3/3_1/3_1_98.wav,3,-23.76,-20.0
3/3_1/3_1_99.wav,3,-23.21,-20.0
4/4_0/4_0_1.wav,4,-38.78,-20.01
4/4_0/4_0_10.wav,4,-37.39,-20.01
4/4_0/4_0_11.wav,4,-39.62,-20.01
4/4_0/4_0_114.wav,4,-58.37,-20.18
4/4_0/4_0_115.wav,4,-56.94,-20.44
4/4_0/4_0_116.wav,4,-55.48,-20.06
4/4_0/4_0_117.wav,4,-54.2,-20.03
4/4_0/4_0_118.wav,4,-56.97,-20.06
4/4_0/4_0_119.wav,4,-57.4,-20.03
4/4_0/4_0_12.wav,4,-40.5,-20.02
4/4_0/4_0_120.wav,4,-54.46,-20.1
4/4_0/4_0_121.wav,4,-55.01,-20.04
4/4_0/4_0_122.wav,4,-54.52,-20.25
4/4_0/4_0_123.wav,4,-55.66,-20.1
4/4_0/4_0_124.wav,4,-58.45,-20.03
4/4_0/4_0_125.wav,4,-55.93,-20.16
4/4_0/4_0_126.wav,4,-56.31,-20.67
4/4_0/4_0_127.wav,4,-54.26,-20.35
4/4_0/4_0_128.wav,4,-55.47,-20.16
4/4_0/4_0_129.wav,4,-55.63,-20.01
4/4_0/4_0_13.wav,4,-41.53,-20.05
4/4_0/4_0_130.wav,4,-55.44,-20.06
4/4_0/4_0_131.wav,4,-56.63,-20.16
4/4_0/4_0_132.wav,4,-56.08,-20.42
4/4_0/4_0_133.wav,4,-36.73,-20.0
4/4_0/4_0_134.wav,4,-37.56,-20.0
4/4_0/4_0_135.wav,4,-39.83,-20.14
4/4_0/4_0_136.wav,4,-40.68,-20.01
4/4_0/4_0_137.wav,4,-41.2,-20.0
4/4_0/4_0_138.wav,4,-44.04,-20.0
4/4_0/4_0_139.wav,4,-45.77,-20.0
4/4_0/4_0_14.wav,4,-39.58,-20.04
4/4_0/4_0_140.wav,4,-44.51,-20.04
4/4_0/4_0_141.wav,4,-43.57,-20.51
4/4_0/4_0_142.wav,4,-43.54,-20.0
4/4_0/4_0_143.wav,4,-43.6,-20.0
4/4_0/4_0_144.wav,4,-42.84,-20.02
4/4_0/4_0_145.wav,4,-42.69,-20.01
4/4_0/4_0_146.wav,4,-42.54,-20.02
4/4_0/4_0_147.wav,4,-42.96,-20.0
4/4_0/4_0_148.wav,4,-42.29,-20.0
4/4_0/4_0_149.wav,4,-42.1,-20.0
4/4_0/4_0_15.wav,4,-37.94,-20.03
4/4_0/4_0_150.wav,4,-42.25,-20.01
4/4_0/4_0_151.wav,4,-42.18,-20.07
4/4_0/4_0_16.wav,4,-39.41,-20.03
4/4_0/4_0_17.wav,4,-41.36,-20.15
4/4_0/4_0_170.wav,4,-48.51,-20.0
4/4_0/4_0_171.wav,4,-49.89,-20.0
4/4_0/4_0_172.wav,4,-48.99,-20.0
4/4_0/4_0_173.wav,4,-48.89,-20.02
4/4_0/4_0_174.wav,4,-49.35,-20.0
4/4_0/4_0_175.wav,4,-47.68,-20.0
4/4_0/4_0_176.wav,4,-48.81,-20.0
4/4_0/4_0_177.wav,4,-48.66,-20.03
4/4_0/4_0_178.wav,4,-49.37,-20.0
4/4_0/4_0_179.wav,4,-51.01,-20.0
4/4_0/4_0_18.wav,4,-38.23,-20.0
4/4_0/4_0_180.wav,4,-50.89,-20.0
4/4_0/4_0_181.wav,4,-50.41,-20.0
4/4_0/4_0_182.wav,4,-50.26,-20.01
4/4_0/4_0_183.wav,4,-51.85,-20.01
4/4_0/4_0_184.wav,4,-51.4,-20.02
4/4_0/4_0_185.wav,4,-51.53,-20.0
4/4_0/4_0_186.wav,4,-51.42,-20.01
4/4_0/4_0_187.wav,4,-50.58,-20.0
4/4_0/4_0_188.wav,4,-36.43,-20.0
4/4_0/4_0_189.wav,4,-37.4,-20.0
4/4_0/4_0_19.wav,4,-39.62,-20.0
4/4_0/4_0_190.wav,4,-36.21,-20.02
4/4_0/4_0_191.wav,4,-37.52,-20.04
4/4_0/4_0_192.wav,4,-37.36,-20.02
4/4_0/4_0_193.wav,4,-37.82,-20.02
4/4_0/4_0_194.wav,4,-36.41,-21.17
4/4_0/4_0_195.wav,4,-37.5,-20.0
4/4_0/4_0_196.wav,4,-36.36,-20.0
4/4_0/4_0_197.wav,4,-35.53,-20.01
4/4_0/4_0_198.wav,4,-37.19,-20.01
4/4_0/4_0_199.wav,4,-36.14,-20.0
4/4_0/4_0_2.wav,4,-38.65,-20.05
4/4_0/4_0_20.wav,4,-36.9,-20.0
4/4_0/4_0_200.wav,4,-35.05,-20.5
4/4_0/4_0_201.wav,4,-36.28,-20.0
4/4_0/4_0_202.wav,4,-35.27,-20.31
4/4_0/4_0_203.wav,4,-36.69,-20.07
4/4_0/4_0_204.wav,4,-38.0,-20.0
4/4_0/4_0_205.wav,4,-34.69,-21.81
4/4_0/4_0_206.wav,4,-38.77,-20.08
4/4_0/4_0_207.wav,4,-39.28,-20.0
4/4_0/4_0_208.wav,4,-39.09,-20.04
4/4_0/4_0_209.wav,4,-38.75,-20.01
4/4_0/4_0_21.wav,4,-39.09,-20.24
4/4_0/4_0_210.wav,4,-37.78,-20.03
4/4_0/4_0_211.wav,4,-38.17,-20.03
4/4_0/4_0_212.wav,4,-44.84,-20.0
4/4_0/4_0_213.wav,4,-45.22,-20.0
4/4_0/4_0_214.wav,4,-44.95,-20.0
4/4_0/4_0_215.wav,4,-45.89,-20.0
4/4_0/4_0_216.wav,4,-46.37,-20.0
4/4_0/4_0_217.wav,4,-45.23,-20.05
4/4_0/4_0_218.wav,4,-43.41,-20.0
4/4_0/4_0_219.wav,4,-43.98,-20.0
4/4_0/4_0_22.wav,4,-38.58,-20.12
4/4_0/4_0_220.wav,4,-45.32,-20.0
4/4_0/4_0_221.wav,4,-46.87,-20.0
4/4_0/4_0_222.wav,4,-45.51,-20.0
4/4_0/4_0_223.wav,4,-45.26,-20.0
4/4_0/4_0_224.wav,4,-47.22,-20.05
4/4_0/4_0_23.wav,4,-33.04,-20.0
4/4_0/4_0_24.wav,4,-33.89,-20.0
4/4_0/4_0_25.wav,4,-39.72,-20.0
4/4_0/4_0_26.wav,4,-39.97,-20.0
4/4_0/4_0_27.wav,4,-38.1,-20.0
4/4_0/4_0_28.wav,4,-36.37,-20.0
4/4_0/4_0_29.wav,4,-36.47,-20.0
4/4_0/4_0_3.wav,4,-41.65,-20.03
4/4_0/4_0_30.wav,4,-37.72,-20.0
4/4_0/4_0_31.wav,4,-38.58,-20.04
4/4_0/4_0_32.wav,4,-38.73,-20.0
4/4_0/4_0_33.wav,4,-38.88,-20.01
4/4_0/4_0_34.wav,4,-39.77,-20.0
4/4_0/4_0_35.wav,4,-40.48,-20.0
4/4_0/4_0_36.wav,4,-39.61,-20.0
4/4_0/4_0_37.wav,4,-40.75,-20.0
4/4_0/4_0_38.wav,4,-40.07,-20.0
4/4_0/4_0_39.wav,4,-38.23,-20.0
4/4_0/4_0_4.wav,4,-39.16,-20.59
4/4_0/4_0_40.wav,4,-40.06,-20.26
4/4_0/4_0_41.wav,4,-37.51,-20.01
4/4_0/4_0_42.wav,4,-35.04,-20.01
4/4_0/4_0_43.wav,4,-35.7,-20.0
4/4_0/4_0_44.wav,4,-37.08,-20.0
4/4_0/4_0_45.wav,4,-38.87,-20.0
4/4_0/4_0_46.wav,4,-37.78,-20.0
4/4_0/4_0_47.wav,4,-35.37,-20.0
4/4_0/4_0_48.wav,4,-35.43,-20.0
4/4_0/4_0_49.wav,4,-34.99,-20.0
4/4_0/4_0_5.wav,4,-38.55,-20.01
4/4_0/4_0_50.wav,4,-39.02,-20.0
4/4_0/4_0_51.wav,4,-40.08,-20.02
4/4_0/4_0_52.wav,4,-39.75,-20.01
4/4_0/4_0_53.wav,4,-39.92,-20.0
4/4_0/4_0_54.wav,4,-36.84,-20.0
4/4_0/4_0_55.wav,4,-36.36,-20.0
4/4_0/4_0_56.wav,4,-38.12,-20.0
4/4_0/4_0_57.wav,4,-35.13,-20.0
4/4_0/4_0_58.wav,4,-37.07,-20.0
4/4_0/4_0_59.wav,4,-38.94,-20.0
4/4_0/4_0_6.wav,4,-41.44,-20.02
4/4_0/4_0_60.wav,4,-40.59,-20.04
4/4_0/4_0_61.wav,4,-39.73,-20.0
4/4_0/4_0_62.wav,4,-39.2,-20.0
4/4_0/4_0_63.wav,4,-37.2,-20.0
4/4_0/4_0_64.wav,4,-38.28,-20.01
4/4_0/4_0_65.wav,4,-34.39,-20.0
4/4_0/4_0_66.wav,4,-36.28,-20.0
4/4_0/4_0_67.wav,4,-38.99,-20.0
4/4_0/4_0_68.wav,4,-39.19,-20.0
4/4_0/4_0_69.wav,4,-35.02,-20.0
4/4_0/4_0_7.wav,4,-39.83,-20.01
4/4_0/4_0_70.wav,4,-36.48,-20.0
4/4_0/4_0_71.wav,4,-38.25,-20.0
4/4_0/4_0_72.wav,4,-38.04,-20.01
4/4_0/4_0_73.wav,4,-50.13,-20.45
4/4_0/4_0_74.wav,4,-49.63,-20.35
4/4_0/4_0_75.wav,4,-47.63,-20.92
4/4_0/4_0_76.wav,4,-48.46,-20.8
4/4_0/4_0_77.wav,4,-49.29,-20.62
4/4_0/4_0_78.wav,4,-51.99,-20.13
4/4_0/4_0_79.wav,4,-50.46,-20.1
4/4_0/4_0_8.wav,4,-38.26,-20.03
4/4_0/4_0_80.wav,4,-49.78,-20.37
4/4_0/4_0_81.wav,4,-50.56,-20.15
4/4_0/4_0_82.wav,4,-50.32,-20.41
4/4_0/4_0_83.wav,4,-50.92,-20.09
4/4_0/4_0_84.wav,4,-49.94,-20.47
4/4_0/4_0_85.wav,4,-51.86,-20.03
4/4_0/4_0_86.wav,4,-50.22,-20.04
4/4_0/4_0_87.wav,4,-51.62,-20.27
4/4_0/4_0_88.wav,4,-49.66,-20.26
4/4_0/4_0_89.wav,4,-48.57,-21.29
4/4_0/4_0_9.wav,4,-38.01,-20.06
4/4_0/4_0_90.wav,4,-49.0,-20.46
4/4_0/4_0_91.wav,4,-51.07,-21.03
4/4_0/4_0_92.wav,4,-46.84,-20.55
4/4_0/4_0_93.wav,4,-49.8,-20.68
4/4_0/4_0_94.wav,4,-47.88,-21.92
4/4_0/4_0_95.wav,4,-49.14,-20.39
4/4_0/4_0_96.wav,4,-50.05,-20.34
